/*
SQLyog 企业版 - MySQL GUI v7.14 
MySQL - 5.5.5-10.3.15-MariaDB : Database - travel
*********************************************************************
*/

/*!40101 SET NAMES utf8 */;

/*!40101 SET SQL_MODE=''*/;

/*!40014 SET @OLD_FOREIGN_KEY_CHECKS=@@FOREIGN_KEY_CHECKS, FOREIGN_KEY_CHECKS=0 */;
/*!40101 SET @OLD_SQL_MODE=@@SQL_MODE, SQL_MODE='NO_AUTO_VALUE_ON_ZERO' */;

CREATE DATABASE /*!32312 IF NOT EXISTS*/`travel` /*!40100 DEFAULT CHARACTER SET utf8 */;

USE `travel`;

/*Table structure for table `tab_category` */

DROP TABLE IF EXISTS `tab_category`;

CREATE TABLE `tab_category` (
  `cid` int(11) NOT NULL AUTO_INCREMENT,
  `cname` varchar(20) NOT NULL,
  PRIMARY KEY (`cid`),
  UNIQUE KEY `AK_nq_categoryname` (`cname`)
) ENGINE=InnoDB AUTO_INCREMENT=6 DEFAULT CHARSET=utf8;

/*Data for the table `tab_category` */

insert  into `tab_category`(`cid`,`cname`) values (2,'主题景点'),(5,'国内游'),(4,'国外游'),(3,'热门景点'),(1,'门票');

/*Table structure for table `tab_favorite` */

DROP TABLE IF EXISTS `tab_favorite`;

CREATE TABLE `tab_favorite` (
  `rid` int(11) NOT NULL,
  `date` date NOT NULL,
  `uid` int(11) NOT NULL,
  PRIMARY KEY (`rid`,`uid`),
  KEY `FK_user_favorite` (`uid`),
  CONSTRAINT `FK_route_favorite` FOREIGN KEY (`rid`) REFERENCES `tab_route` (`rid`),
  CONSTRAINT `FK_user_favorite` FOREIGN KEY (`uid`) REFERENCES `tab_user` (`uid`)
) ENGINE=InnoDB DEFAULT CHARSET=utf8;

/*Data for the table `tab_favorite` */

insert  into `tab_favorite`(`rid`,`date`,`uid`) values (313,'2020-12-24',9);

/*Table structure for table `tab_route` */

DROP TABLE IF EXISTS `tab_route`;

CREATE TABLE `tab_route` (
  `rid` int(11) NOT NULL AUTO_INCREMENT,
  `rname` varchar(500) NOT NULL,
  `price` double NOT NULL,
  `routeIntroduce` varchar(300) DEFAULT NULL,
  `rdate` varchar(40) DEFAULT NULL,
  `isThemeTour` char(1) NOT NULL,
  `rcount` int(11) DEFAULT 0,
  `cid` int(11) NOT NULL,
  `rimage` varchar(200) DEFAULT NULL,
  `times` varchar(100) DEFAULT NULL,
  `telephone` varchar(20) DEFAULT NULL,
  `traffic` varchar(200) DEFAULT NULL,
  `tickets` varchar(100) DEFAULT NULL,
  `development` varchar(200) DEFAULT NULL,
  `introduction` varchar(1000) DEFAULT NULL,
  PRIMARY KEY (`rid`),
  KEY `FK_category_route` (`cid`),
  CONSTRAINT `FK_category_route` FOREIGN KEY (`cid`) REFERENCES `tab_category` (`cid`)
) ENGINE=InnoDB AUTO_INCREMENT=330 DEFAULT CHARSET=utf8;

/*Data for the table `tab_route` */

insert  into `tab_route`(`rid`,`rname`,`price`,`routeIntroduce`,`rdate`,`isThemeTour`,`rcount`,`cid`,`rimage`,`times`,`telephone`,`traffic`,`tickets`,`development`,`introduction`) values (7,'【约惠华东五市+乌镇+木渎+灵山大佛】聆听自己的声音',1099,'畅玩乌镇水乡和木渎水乡，游览上海迪士尼小镇，品尝杭州特色宴“乾隆御茶宴”，送品尝金秋肥美大闸蟹一只！','2020-02-09 01:13:17','0',13,5,'img/product/small/m370365f2ea91b638695218a6df13e3819.jpg','3-5天','0573-88731088','乌镇汽车站下车','免费','全天','以原汁原味的水乡风貌和千年积淀的文化底蕴成为乌镇的东南西北四个区块中的佼佼者。\n由12座小岛组成，70多座小桥将这些小岛串连在一起，河流密度和石桥数量均为全国古镇之最。\n夜幕降临时，喝着小酒，看对岸楼台上唱戏，到水边放几盏花灯，都会令人沉醉于这迷人的江南景色中。\n自然景观和人文建筑完美结合，更加适合喜爱素色风景的游客，带给人们一番“全新”的古镇体验。'),(9,'【豪叹喜来登 桂林 阳朔西街】漓江 西山公园 象鼻山 银子岩',499,'船游全程大漓江，游览世界溶洞奇观银子岩','2018-02-09 01:13:17','0',1,5,'img/test/img/C51FEF3A3CA949A4871746623182FA13.jpeg','3-5小时','0773-7132536','在桂林汽车站搭乘桂林至荔浦的班车，在银子岩下车；或在阳朔搭乘至银子岩景区的旅游专线车前往','300','08:00-17:30','喀斯特地貌的溶洞贯穿山峰，洞内钟乳石宛如银河，闪烁出银子般光芒，故称“银子岩”。水镜倒影以水面为界，钟乳石和倒影完全对称，看起来深不可测，是游人拍照最多的地方。音乐石屏是广西目前最完整的一组石屏，轻轻拍打会奏出空灵的仙乐（现为保护已禁止敲）。'),(10,'【湖南郴州莽山+东江湖+冰雪森林温泉】欢迎年宴+温泉养生宴+农家菜【金狗闹郴晚·冰天雪地泡温泉】',2399,'莽山景区入住“森林中的皇宫”之美誉的莽山森林温泉酒店；市区入住享“酒店就是景区”美誉的国际奢华品牌酒店---温德姆至尊豪庭酒店！','2018-02-09 01:13:17','0',1,5,'img/product/small/m3c9823bc50368af0fe83eff14a5587c0a.jpg','3天','123-12-123','自驾车','','全天','宁海 森林温泉俗称天明 山南 溪温泉，是 中国 三大著名温泉之一，它坐落在 宁海 县城 西北 深甽镇天明山幽谷中，距县城25KM，距 宁波 市区76公里。 宁海 森林温泉之泉水取自天明山158米龙脉深处，无色无味，水质清澈透明，水温49.5度，日出水量2500吨，PH值为7.9，呈弱碱性，兼有氟、钾、钠、镁等20多种对人体有益的矿物质和微量元素。具有美容养颜、镇静催眠、放松精神、消炎止痛、减肥等功效，对心血管系统、关节炎症及神经、皮肤、消化等系统的疾病都有明显疗效，是属国内罕见的重碳酸钠水质的中温温泉，堪称“长三角一绝”，这里夏季比 杭州 、 宁波 低3-5℃，是华东地区少有的旅游、避暑、疗养、度假、休闲胜地。'),(12,'【 西藏拉萨+日喀则+林芝 】青藏铁路 布达拉宫 东方瑞士鲁朗 圣湖羊卓雍措 扎什伦布寺',5599,'【包列进藏】乘坐世界最先进的青藏列车，观世界坐标级景观带，有氧车厢进入西藏，由低海拔至高海拔逐步适应，安全保障。畅享拉林高等级公路沿途“颜值担当”雪域江南风光！','2018-02-09 01:13:17','0',0,2,'img/test/img/8A678509DA67406DB762A14395C458F3.jpeg','6-8天','0891-6339615;','乘8路公车在药王山农贸市场站下车可达；','','09:30-15:00；','世界上海拔最高、最雄伟的宫殿，是拉萨乃至西藏最重要的象征。“布达拉”是梵语，又译作“普陀”，原指观音菩萨之居所，布达拉宫也是所有朝圣者心中的圣地。主要由红宫和白宫组成，中间最高的红宫是举行宗教仪式的重要场所，周围的白宫主要为达赖喇嘛的活动场所。收藏有佛塔、塑像、壁画、唐卡、经文典籍，其中最为引人注目的是五世以来各达赖的八座灵塔。拍摄布达拉宫的位置有布达拉宫西南侧的药王山观景台、宗角禄康公园的人工湖湖畔、布达拉宫广场三处。'),(14,'【广西北海】北海银滩 北海海景大道 北部湾广场 侨港镇 南迈渔村',999,'南航飞机直达北海不用1个半小时，畅游真正“天下第一滩”北海十里银滩！漫步北海老街，探秘南迈渔村！','2018-02-09 01:13:17','0',11,5,'img/test/img/188E12206EC04FB5AA406022D8315C44.jpeg','3-4天','0779-6016278','在北海市内乘3路公交车到北海国际客运码头，再乘快船或慢船前往，班次为8:30-17:00，行程1-2小时（会有1-1.5小时浮动，以当时公示为准），船票根据船型约120-180元/人','100','08:00-18:00','中国最大的死火山岛，岛上岩奇洞深，风光旖旎，民风淳朴，素有“大蓬莱”仙岛之称。景观资源丰富，有滴水丹屏、鳄鱼山火山公园，五彩滩等，观赏太阳斜照在斜阳岛的全景的最佳地点。另有位于盛堂村的法国天主教堂、三婆庙及圣母庙等人文景观，印证了中西合璧的历史足迹。岛上现还建有各种娱乐设施，是海岛探幽、海上垂钓、浴海拾贝、潜水探奇的极好去处。'),(15,'【新疆乌鲁木齐+天山天池+鄯善+火焰山】库姆塔格沙漠 坎儿井',1999,'鄯善沙漠哈密瓜的故乡，沙漠中的绿洲吐 鲁 番，畅游天山天池！','2018-02-09 01:13:17','0',0,5,'img/product/small/m3b73ad0712746ef03019e34fb9757401d.jpg','半天','0995-8389389','在吐鲁番新汽车站乘坐至鄯善的班车（车次不多，出发时间是根据卖票的多少决定，需要买票后等待人满才走），到鄯善后打车5元到沙漠公园，步行大概需要20分钟。','成人票:30人民币','08:00-21:00','距离吐鲁番市区90公里，是世界上距离城市最近的沙漠。千百年来沙不进人不退，十分罕见。是一座流动型沙漠，有沙窝、沙山等，景色多样壮观，维吾尔语“库木塔格”也是“沙山”的意思。形成于汉代，是浓缩了世界各大沙漠典型景观的博物馆，更是诠释古楼兰王国消失的最后一片圣地。'),(18,'【江西井冈山】笔架山 游菖蒲古村 穿红军服走红军路',1199,'广州直飞井冈山机场，车程劲省2小时；乘坐十公里长的亚洲第一索道——笔架山索道；','2018-02-09 01:13:19','0',0,5,'img/product/small/m3bc92ed09dc80f91641ea195983bf1284.jpg','半天','400-188-0796','自驾车','','7:30-17:30','笔架山景区包括珠沙冲、黄坳、笔架山三个地方。黄坳、朱砂冲以革命人文景观为主，笔架山则主要以自然风光取胜。 笔架山的十里杜鹃林算是最大看点、”每年三月到五月，是杜鹃花的花期，尤其是四五月份，整个笔架山都沉浸在杜鹃花的海洋里。还有石笋峰、松岛、观岛峰、扬眉峰、佛手指天、群猴听训等景点。'),(19,'【湘西360°全景 张家界】韶山 天子山 袁家界 天门山 玻璃栈道 大峡谷景区玻璃桥 凤凰古城',2099,'挑战天门山玻璃栈道、大峡谷玻璃桥，享侗族才家合拢宴 ，特色蘑菇宴，土家风味宴，游览韶山毛主席故里！','2018-02-09 01:13:19','0',0,5,'img/product/small/m3d69b0ea3165d04302cc068ac14192bd1.jpg','6天','400-242-3113','自驾车','','全天','挑战天门山玻璃栈道、大峡谷玻璃桥，享侗族才家合拢宴 ，特色蘑菇宴，土家风味宴，游览韶山毛主席故里！'),(26,'【安徽黄山】直飞黄山 住1晚山上 宏村探古 夜宿鲍家花园 品徽州火锅',2099,'黄山直飞！入住一晚入住黄山山酒店，1晚花园式的私家园林内酒店—歙县鲍家花园大酒店！品尝徽州火锅！','2020-03-09 01:13:19','0',984,5,'img/product/small/m3eedfb8ee93dfc041aa9dea6f2751a0d8.jpg','0.5-1天','0559-5561868','从各地乘坐飞机或火车到达黄山市，屯溪客运站（或称黄山市客运总站）每天6:00-17:30有多班汽车前往黄山脚下的汤口镇，票价约16元；','景区门票:230人民币；','06:30-16:30(景区时间)','黄山自古以来就是中国数一数二的名山，奇松、怪石、云海、温泉被称为黄山的“四绝”。除此之外，雾凇、雪景、日出也是游人不会错过的景观，古人有“五岳归来不看山，黄山归来不看岳”的说法。景区分前山和后山。前山是指慈光阁到光明顶，即温泉、玉屏楼、天海景区一带，主要景点有迎客松、半山寺、天都峰、玉屏楼、莲花峰、一线天、鳌鱼峰等。后山是指云谷寺到光明顶，即北海、西海景区一带，主要景点有始信峰、狮子峰、排云亭、西海大峡谷、飞来石、松谷庵等。而在众多景致中，又以“三奇五绝”等异景最为世人留恋。景区内分为南门、西门和北门，绝大多数游客都会从南门出入，南门又有前山后山两个出入口，都靠近山脚下的汤口镇。'),(29,'【龙脊放水节】龙脊平安梯田 古壮寨梯田 船游一江四湖 桂林城徽象鼻山 兴坪古镇 骥马村油菜花海 阳朔西街动车三天团',599,'“世界梯田之冠”龙脊梯田水满田畴，层层银链的震撼风景！金马贵宾独家尊享：金牌全猪宴，金马专场高山篝火晚会！','2018-02-09 01:13:19','0',0,5,'img/product/small/m3ef702190f1c51354db5b9e754573428b.jpg','5天','0552-2341341','自驾游',NULL,'全天','“世界梯田之冠”龙脊梯田水满田畴，层层银链的震撼风景！金马贵宾独家尊享：金牌全猪宴，金马专场高山篝火晚会！'),(30,'【张家界天门山+大峡谷玻璃桥+凤凰古城】玻璃栈道 溪布老街【品土家三下锅】',2599,'品年味：湘西民族特色风味【土家三下锅/蘑菇宴（588元/桌）】欢欢喜喜过大年！','2018-02-09 01:13:19','0',0,5,'img/product/small/m39428c374b8f8debe994cfbff6de4a3db.jpg','4天','0424-1234674','自驾游',NULL,'全天','全程入住豪华标准舒适酒店或精装客栈，提升旅游体验！品年味：湘西民族特色风味【土家三下锅/蘑菇宴（588元/桌）】欢欢喜喜过大年！'),(151,'【四川+重庆+西岭雪山滑雪 双飞5天 成都进重庆出】',4799,'双飞一动，乐游成都、重庆两地，不走回头路，尽享川渝美景；探寻巴渝美食；品地道四川麻辣火锅；全程入住超豪华酒店；','2018-02-09 01:13:35','0',0,5,'img/product/small/m3d283063b783a4c89670c3f6f68877e8f.jpg',NULL,NULL,NULL,NULL,NULL,NULL),(152,'【四川成都+西岭雪山滑雪+峨眉山+乐山大佛+黄龙溪古镇】',4999,'全程入住超豪华酒店；精心安排四川特色麻辣火锅，峨眉养生农家宴；全程不进购物点；感受休闲成都、逛锦里，游古镇，美食享不尽；','2018-02-09 01:13:35','0',0,5,'img/product/small/m3d283063b783a4c89670c3f6f68877e8f.jpg',NULL,NULL,NULL,NULL,NULL,NULL),(153,'【张家界天门山+大峡谷+凤凰古城+玻璃栈道+玻璃桥】',1799,'一价全含！升级一晚超豪铂金酒店，华而不奢，温情似家【蓝湾博格国际酒店】；品独家尊享【土司王团年宴】，土司王敬酒，欢欢喜喜过大年！','2018-02-09 01:13:35','0',0,5,'img/product/small/m3c9c87a1175252d187eb8c4bc228c317d.jpg',NULL,NULL,NULL,NULL,NULL,NULL),(154,'【越南下龙湾+巡洲岛+茶古半岛+芒街+南宁】',2999,'全程入住超豪华度假酒店，承诺纯玩0购物0自费！重本包游世界级奇观007明日帝国、金刚拍摄胜地世界七大自然奇观之一【下龙湾】！','2018-02-09 01:13:35','0',0,5,'img/product/small/m37e9d416ccd26ac920f2f8073cf680011.jpg',NULL,NULL,NULL,NULL,NULL,NULL),(156,'【春节 四川西岭雪山滑雪+峨眉山+乐山大佛+成都 双飞5天 纯玩顶贵团】全程入住超豪华酒店 全程不进购物点',4899,'全程入住当地超豪华酒店！精心安排四川特色麻辣火锅，峨眉养生农家宴！全程不进购物点！','2018-02-09 01:13:35','0',0,5,'img/product/small/m3779b5ee17cc9ec56b24c3aa3c8b691fc.jpg',NULL,NULL,NULL,NULL,NULL,NULL),(157,'【春节 神农架滑雪 双飞4天 宜昌往返 纯玩高级团】午对晚航班 安排特色团年饭 宜昌升级1晚豪华酒店',3999,'午对晚航班广州直飞宜昌！安排特色团年饭！宜昌升级1晚豪华酒店！','2018-02-09 01:13:35','0',0,5,'img/product/small/m31a276fb64f35d765c941aade4e436e2d.jpg',NULL,NULL,NULL,NULL,NULL,NULL),(158,'【含春节 私家小团 上海迪士尼乐园+莫干山过大年 双飞4天 杭州进上海出】全程7座别克商务车或15座丰田海狮商务车',5399,'本产品专为亲子家庭服务，不拼陌生人；入住西湖风景区挂牌五星酒店；1晚风靡海内外民宿圣地莫干山下莫莫民宿；1晚迪士尼附近挂牌五星酒店；全程使用7座别克车/15座丰田海狮商务用车','2018-02-09 01:13:35','0',0,5,'img/product/small/m3bf14f8464a1b270d90fbf7a3a923fe8f.jpg',NULL,NULL,NULL,NULL,NULL,NULL),(159,'【含春节 私家小团 上海迪士尼+乌镇西栅 双飞4天 上海往返】全程豪华住宿 使用7座别克商务车或15座丰田海狮商务车',5650,'全程使用7座别克车/15座丰田海狮商务用车，商务司机点对点接送无缝对接！博物馆+迪士尼+水乡乌镇，与孩子一起边学边玩，过一个轻松愉快的假期！','2018-02-09 01:13:35','0',0,5,'img/product/small/m36491998889e9597f0e7753beea037ae3.jpg',NULL,NULL,NULL,NULL,NULL,NULL),(160,'【春节 华东三市+乌镇西栅 双飞4天】全程超豪华酒店 乌镇西栅闹新年 上海城隍庙逛庙会 乌镇春节长街宴 吃货天堂外婆家【尊享小江南】',3499,'特别安排乌镇“长街宴”、“吃货天堂”杭州“外婆家”，品尝杭帮盛宴。全程入住超豪华酒店，乌镇入住一晚乌镇景区内客栈，全程睡眠舒适安心！','2018-02-09 01:13:35','0',0,5,'img/product/small/m33f0d22d87eee526e0c25384f78654b05.jpg',NULL,NULL,NULL,NULL,NULL,NULL),(161,'【春节 韶山+张家界+天门山+大峡谷+凤凰古城+玻璃栈道+玻璃桥 高铁5天 4钻】土司王团年盛宴 纯玩团·零购物·一价全含【湘西全景】',2099,'新春游张家界森林公园、天门山国家森林公园、大峡谷玻璃桥、凤凰古城、土司王宫；新春幸福团圆，零购物·一价全含；独家尊享土司王团年宴，欢欢喜喜过大年！','2018-02-09 01:13:35','0',0,5,'img/product/small/m3d07a3e37145d623e59f4e4e33544ce2f.jpg',NULL,NULL,NULL,NULL,NULL,NULL),(162,'【春节 神农架滑雪+三峡大坝 双飞4天 宜昌往返 纯玩惠贵团】东航早对晚航班 神农架特色团年饭',2699,'直飞宜昌，东航早对晚航班！特别安排神农架团年饭！安排入神农架木鱼镇旅游区酒店、升级一晚神农架超豪华酒店、升级一晚宜昌豪华酒店！','2018-02-09 01:13:35','0',0,5,'img/product/small/m3da261c8b05a2b8f6d7c4026fbd8fadfa.jpg',NULL,NULL,NULL,NULL,NULL,NULL),(163,'【寒假 华东三市+周庄+南浔 双飞4天 纯玩】全程入住超豪华酒店',2699,'登上海环球金融中心，鸟瞰夜上海璀璨星光，尽享精彩之夜。全程入住超豪华酒店；浙沪网红人气名店畅吃饕餮美食，红红火火”锅“大年！','2018-02-09 01:13:35','0',0,5,'img/product/small/m3c448e5f5c39ecb30d560b6c2f75aa6a9.jpg',NULL,NULL,NULL,NULL,NULL,NULL),(164,'【寒假 华东五市+乌镇西栅+灵山大佛+西溪湿地 双飞6天 纯玩】一价全包 全程无自费无购物 独家安排体验提灯走桥',2799,'一次感受江南三大夜景：古镇乌镇赏西栅水乡灯会，月明人圆，祈福新年；杭州宋城观宋城千古情，感受一场最震撼的视觉盛宴；上海登环球金融中心，览尽璀璨夜上海。','2018-02-09 01:13:35','0',0,5,'img/product/small/m3c448e5f5c39ecb30d560b6c2f75aa6a9.jpg',NULL,NULL,NULL,NULL,NULL,NULL),(165,'【春节 宁夏银川+贺兰山滑雪 双飞4天】激情高山滑雪 畅享冰雪温泉 银川入住超豪华酒店',3699,'中国西北规模最大最完善的专业高山滑雪场【贺兰山国家森林公园滑雪场】！领略塞外冰雪美景，享受贺兰山麓下的天然温泉【瑞信.天沐温泉度假小镇】！','2018-02-09 01:13:35','0',0,5,'img/product/small/m304b69a4c8328f7d6b8d5dadef020fe07.jpg',NULL,NULL,NULL,NULL,NULL,NULL),(166,'【春节 四川西岭雪山+成都+重庆 双飞5天 顶贵团】成都入重庆出 不走回头路 全程豪华酒店 不进购物店',4499,'双飞一动，乐游成都、重庆两地，不走回头路！春节出游全程入住豪华酒店，不进购物店！','2018-02-09 01:13:36','0',0,5,'img/product/small/m3a74265f502594009829cb41e17db56ac.jpg',NULL,NULL,NULL,NULL,NULL,NULL),(167,'【普陀山+乌镇+杭州+绍兴+宁波 双飞4天 宁波往返】普陀山祈福平安 夜宿普陀山山上 安排一晚乌镇外豪华酒店',2299,'宁波往返，直达普陀山，穿梭舟山连岛大桥，便捷交通又可观赏到海天一线胜景；','2018-02-09 01:13:36','0',0,5,'img/product/small/m313e7dd333f562f2830ba00744d4f4a77.jpg',NULL,NULL,NULL,NULL,NULL,NULL),(168,'【第2位5折 贵州黄果树瀑布+西江千户苗寨+贵阳 高铁4天 纯玩】【苗韵西江】',2099,'贵州旅游精品线：黄果树、西江千户苗寨。加游非遗文化聚集地的丹寨万达小镇！全程入住豪华酒店，升级一晚超豪华酒店！','2018-02-09 01:13:37','0',0,5,'img/product/small/m37d8d151694fd4efe55f6fc82fff568b0.jpg',NULL,NULL,NULL,NULL,NULL,NULL),(169,'【黄山+徽州 纯玩双飞四天】南屏古村过大年 寻找徽州最纯正的年味儿',3499,'徽州南屏村，年味浓浓，放鞭炮、贴春联、坐火桶、打食挑！古朴、纯正的南屏古村落，带你远离城市的喧嚣，让我们走进徽州人家，感受与城市不同的徽州年俗！','2018-02-09 01:13:37','0',0,5,'img/product/small/m347cc17d669c313c534ac8a9570bde7ef.jpg','3天',NULL,'自驾游','',NULL,NULL),(170,'【贵州黄果树瀑布+西江千户苗寨+荔波大小七孔 高铁5天 纯玩】打糍粑 苗服体验 升级1晚当地超豪华酒店【金马自营】',2099,'游醉美贵州山色，感受苗家打糍粑、苗服体验；地质美景与少数名族风情大融合！升级一晚当地超豪华酒店','2018-02-09 01:13:37','0',0,5,'img/product/small/m39f7d21f616436e6d795e98a43c93f8fa.jpg',NULL,NULL,NULL,NULL,NULL,NULL),(171,'【春节 上海迪士尼乐园+杭州+西塘+江南天地滑雪场 双飞4天 纯玩】独家策划“西塘财神贺大年”',4199,'游上海迪士尼乐园，邂逅江南的冰雪，享独特滑雪体验！特别安排习大大提出“青山绿水就是金山银山”的余村农家乐！','2018-02-09 01:13:37','0',0,5,'img/product/small/m3d5d79457cd1f3c2b54a10994d7d9dc08.jpg',NULL,NULL,NULL,NULL,NULL,NULL),(172,'【春节 海南三亚蜈支洲岛+分界洲岛 双飞4天 海口往返】一价全包 全程0自费 夜游三亚湾 南山观音祈福【经典皇牌 至尊双岛】',3499,'赠送价值200元/人夜游三亚湾，乘坐游船畅游美丽的三亚湾；与激情沙滩吧，聚首狂欢，独享自在海岛风情；','2018-02-09 01:13:37','0',0,5,'img/product/small/m31bb179bb190f2077ff0bafa3f46eb591.jpg',NULL,NULL,NULL,NULL,NULL,NULL),(173,'【云南香格里拉+丽江+大理+昆明+玉龙雪山+洱海 双飞6天 昆明往返 贵宾团】经典云南•登顶《玉龙之巅》',2799,'尽享冬色香格里拉，登顶玉龙雪山；畅享丽江、大理双古城，体验小资洱海风光；全程入住当地豪华型酒店；','2018-02-09 01:13:37','0',0,5,'img/product/small/m3cbf47c96c3a70765eb9c90efb345f0d3.jpg',NULL,NULL,NULL,NULL,NULL,NULL),(174,'【云南香格里拉+丽江+大理+昆明+玉龙雪山+洱海 双飞6天 昆入丽出 超贵团】香格里拉升级1晚希尔顿 丽江1晚古城内特色客栈',3399,'香格里拉升级1晚国际品牌希尔顿，丽江1晚古城内特色客栈；赠品云南名食：药材土鸡宴&洱海砂锅鱼，感受舌尖上的云南味道！','2018-02-09 01:13:37','0',0,5,'img/product/small/m3fbf284c91f951d6a5a071a3f02010669.jpg',NULL,NULL,NULL,NULL,NULL,NULL),(175,'【春节 华东五市+西塘+乌镇+灵山大佛祈福 纯玩双飞6天】升级1晚入住希尔顿酒店 西塘“闹”大年（派利是、全家乐、做年俗）',3599,'全程9个5A级景区5个4A级景区，门票价值超过800元！全程含杭州最高人气自助大餐任意吃，还有太湖三白、杭州御茶宴等，一路大饱口福；','2018-02-09 01:13:37','0',0,5,'img/product/small/m379570c015cfce5df6f5c04f964e6e1fa.jpg',NULL,NULL,NULL,NULL,NULL,NULL),(176,'【春节 黄山+千岛湖+杭州+乌镇 双飞6天 纯玩】登顶黄山赏雪景 船游千岛湖 文渊狮城欢欢喜喜过大年',3299,'舌尖上的旅行：千岛湖春节长桌宴，摆满了各种千岛湖美食；黄山脚下山民家里品山珍野味风味餐，品尝到野猪、野兔等珍馐美馔！','2018-02-09 01:13:37','0',0,5,'img/product/small/m378d9bef35484a824a3e0b12c77d3bb05.jpg',NULL,NULL,NULL,NULL,NULL,NULL),(177,'【春节 华东三市+周庄 双飞4天 纯玩】上海城隍庙新年灯会+杭州宋城新春大庙会',3199,'登上海环球金融中心，鸟瞰夜上海璀璨星光，尽享精彩之夜。游上海城隍庙会彩灯张结，宋城新春大庙会人声鼎沸，热闹非凡；全程入住超豪华酒店！','2018-02-09 01:13:37','0',0,5,'img/product/small/m3d5d79457cd1f3c2b54a10994d7d9dc08.jpg',NULL,NULL,NULL,NULL,NULL,NULL),(178,'【春节 普陀山祈福+珞珈山 双飞4天 纯玩】西天景区参拜观世音 普陀山三大佛寺祈愿阖家安康',2499,'深度游览普陀山，观南海观音像，参拜三大佛寺——普济寺、慧济寺、法雨寺，祈求新年福运连绵。','2018-02-09 01:13:37','0',0,5,'img/product/small/m313e7dd333f562f2830ba00744d4f4a77.jpg',NULL,NULL,NULL,NULL,NULL,NULL),(179,'【春节 上海迪士尼+乌镇+杭州 双飞4天 纯玩】逛新春城隍庙灯会 入住2晚喜来登酒店 船游西湖',4299,'畅玩上海迪士尼乐园，让您回味童年时光，开启新的冒险旅程。刺激您的视觉和听觉。游走外滩南京路，逛盛大城隍庙灯会，年味满满。特别安排入住一晚乌镇特色客栈。','2018-02-09 01:13:37','0',0,5,'img/product/small/m3d5d79457cd1f3c2b54a10994d7d9dc08.jpg',NULL,NULL,NULL,NULL,NULL,NULL),(180,'【越南岘港+下龙湾+天堂岛+河内 双飞单高6天 高级团】直飞岘港·南北越联游·岘港入东兴出',1699,'海陆空联游线路；中越双导游服务，全程专业导游讲解，周全照顾贴心服务随心出游！','2018-02-09 01:13:37','0',0,5,'img/product/small/m3a97735f3c1f4d895c2950abbf7e758fd.jpg',NULL,NULL,NULL,NULL,NULL,NULL),(181,'【春节 海南三亚+蜈支洲岛 双飞4天 海口入三亚出或三亚入海口出】升级1晚超豪华酒店 体验价值298元/人的沙滩项目',3599,'全程豪华酒店，升级一晚超豪华酒店；独家定制沙滩项目：体验价值298元/人的沙滩项目：海上自行车、沙滩排球、沙滩足球、独木舟、冲浪板、蹦床等','2018-02-09 01:13:38','0',0,5,'img/product/small/m3fd7637f5a1a26457acf474e1b6e19504.jpg',NULL,NULL,NULL,NULL,NULL,NULL),(182,'【海南三亚+蜈支洲岛+天涯海角+夜游三亚湾 双飞4天 超贵团】升级2晚希尔顿欢朋酒店 升级1餐海鲜风味大餐',2599,'全程超豪华酒店，三亚两晚国际品牌-希尔顿欢朋酒店（若满房则安排备选酒店）；赠送升级1餐海鲜风味大餐！','2018-02-09 01:13:38','0',0,5,'img/product/small/m3cc0ae9ebf1a693d03ec69d94a5b79a75.jpg',NULL,NULL,NULL,NULL,NULL,NULL),(183,'【春节 江西三清山+庐山+婺源+景德镇 单飞单高铁4天 纯玩贵宾团】全程纯玩 入住豪华酒店 品尝婺源农家宴、三清山生态宴',1999,'全程纯玩，入住豪华酒店，高性价比品质团；读徽商文化，解析徽派建筑—婺源，景德镇赏千年陶瓷文化；','2018-02-09 01:13:38','0',0,5,'img/product/small/m30ecbc817325b6580154d21e2ba4945b3.jpg',NULL,NULL,NULL,NULL,NULL,NULL),(184,'【春节 贵州黄果树+荔波大小七孔+西江千户苗寨 高铁5天 纯玩超贵团】人手一个利是小红包+春节特别赠送新春礼包【金马自营】',2899,'新春“豪”玩贵州、四大美食享不停；庙会、灯谜以及各地民族传统活动庆祝，让你感受浓郁的春节氛围！“亚洲第一瀑布”、世界双自然遗产地—荔波大小七孔、“中国第一苗寨”全景贵州必玩景点一网打尽！','2018-02-09 01:13:38','0',0,5,'img/product/small/m3f048ef0b9076f47c670c63018d70e6bf.jpg',NULL,NULL,NULL,NULL,NULL,NULL),(185,'【春节 北京滑雪+秦皇岛 双飞7天 秦皇岛往返 纯玩3+5钻】夜游司马台长城 海探老龙头 北戴河 北京庙会 雍和宫祈福【京彩联游】',3399,'一次畅游北京、秦皇岛、北戴河；带你360度游长城：海探老龙头长城、夜游司马台长城、宏观八达岭长城；古北水镇升级1晚入住五星古北水镇大酒店，凭房卡可无限次进出古北水镇水乡景区！','2018-02-09 01:13:38','0',0,5,'img/product/small/m3ae1f3a49daf6ff79871f6211d49e9c26.jpg',NULL,NULL,NULL,NULL,NULL,NULL),(186,'【春节 越南下龙湾+河内+巡洲岛 高铁5天】0自费0购物 全程叹超豪华酒店【+1元换购680元越南天堂岛+惊讶洞】',2999,'纯玩0购物0自费，全程入住超豪华度假酒店+河内一晚国际五星酒店，尊享越南法式度假！','2018-02-09 01:13:38','0',0,5,'img/product/small/m341f0cf591f059a084ec9bdc3eff7a938.jpg',NULL,NULL,NULL,NULL,NULL,NULL),(187,'【春节 山东+大连滑雪 纯玩双飞5天】浪漫青岛 蓬莱仙境 荣成烟墩角 旅顺军港【美食之旅 品质游】',3699,'全程入住2晚豪华酒店，特别升级1晚超豪华酒店；探索大连、醉美青岛、至美天鹅湖、仙境游历，不走回头路！赠送滑雪2小时！自由堆雪人、打雪仗！','2018-02-09 01:13:38','0',0,5,'img/product/small/m3b5dbd9d954571142d7dd25cccb22b86f.jpg',NULL,NULL,NULL,NULL,NULL,NULL),(188,'【江西井冈山+笔架山 双飞4天 贵宾团】 唱响红歌 穿红军服走红军路【革命情怀 重走红军路】',1299,'穿一次红军服，走一段红军路，当一回英雄红军；广州直飞井冈山，入住三晚豪华酒店；乘坐十公里长的亚洲第一索道——笔架山索道；','2018-02-09 01:13:38','0',0,5,'img/product/small/m31ab5068b200aa3a61ac91e0729e65e53.jpg',NULL,NULL,NULL,NULL,NULL,NULL),(189,'【春节 亲子游 越南河内+吉婆岛+下龙太阳世界乐园 高铁5天 纯玩超贵团】0购物0自费 美食：海岛风味宴 越式炸鸡火锅宴 DIY越南春卷',2899,'亲子活动安排下龙乐园，乘坐世界吉尼斯纪录跨海缆车+下龙之眼摩天轮；体验DIY越式春卷体验，又好吃又好玩！','2018-02-09 01:13:38','0',0,5,'img/product/small/m3b4d19539864a93b01c7803edb6b916a0.jpg',NULL,NULL,NULL,NULL,NULL,NULL),(190,'【趣冬游 12月 北京滑雪+天津 双飞5天 天津往返 纯玩3+5钻】北京升级1晚入住喜来登酒店 升级体验乘坐单程京津城际高速列车',2399,'北京升级1晚入住喜来登酒店！升级体验乘坐单程京津城际高速列车！','2018-02-09 01:13:38','0',0,5,'img/product/small/m3d97f3c41f82329b7a45e67e9de2c96ca.jpg',NULL,NULL,NULL,NULL,NULL,NULL),(191,'【2月 北京滑雪+秦皇岛 双飞7天 秦皇岛往返 纯玩3+5钻】夜游司马台长城 海探老龙头 宏观八达岭 古北水镇 山海关 北戴河【京彩联游】',2599,'古北水镇升级1晚入住五星古北水镇大酒店！畅游北京22大知名经典一个不少！','2018-02-09 01:13:38','0',0,5,'img/product/small/m3ca81e31ce4a93bb9350d968b55a9129e.jpg',NULL,NULL,NULL,NULL,NULL,NULL),(192,'【东北哈尔滨+沈阳+长白山+魔界+雪乡+亚布力 双飞7天 纯玩】升级1晚长白山下超豪华温泉酒店【全景大东北】',4799,'长白山，赏天池冬韵，泡正宗长白山硫磺矿物温泉！特别体验高寒动车;全程入住4晚豪华酒店，特别升级1晚长白山下超豪华温泉酒店，雪乡入住特色暖炕2-3人间！','2018-02-09 01:13:38','0',0,5,'img/product/small/m36227cbbdc79cea94ab43c7db54e43403.jpg',NULL,NULL,NULL,NULL,NULL,NULL),(193,'【1-2月 北京滑雪+秦皇岛 双飞6天 秦皇岛往返 纯玩3钻】山海关 北戴河 故宫 雪世界 颐和园 八达岭长城 什刹海【京彩联游】',2399,'一次畅游北京、秦皇岛、北戴河三大风光城市；加游华北户外至大的滑雪场-雪世界滑雪，体验北方冰雪世界，一尽滑雪乐趣！','2018-02-09 01:13:38','0',0,5,'img/product/small/m3774d9019ce8f65e7823859891353d31e.jpg',NULL,NULL,NULL,NULL,NULL,NULL),(194,'【春节 江西井冈山+笔架山 双飞4天 纯玩贵宾团】南航直飞 制作江西特色米馃 学唱红歌 赠精美小礼品',1699,'广州直飞井冈山；纯玩无购物，全程豪华酒店；乘坐亚洲第一索道，观笔架山雾凇美景；观中国财山五指峰，享新年财运滚滚来；','2018-02-09 01:13:39','0',0,5,'img/product/small/m3a579364858089195e32fdded77adbba9.jpg',NULL,NULL,NULL,NULL,NULL,NULL),(195,'【春节 厦门+鼓浪屿 高铁3天 高级团】南普陀祈福 集美学村 曾厝垵 品“滋补佛跳墙”',1799,'参团每人赠送鼓浪屿盖章本一本，收集印章最多的游客还可获赠纯装进口红酒一瓶！','2018-02-09 01:13:39','0',0,5,'img/product/small/m31b7e6805e116982076fa15ece3c515a1.jpg',NULL,NULL,NULL,NULL,NULL,NULL),(196,'【云南丽江+大理+昆明+玉龙雪山+洱海 双飞6天 昆明往返 纯玩贵宾团】一价全包无自费 【纯享云南】',3199,'全程安排当地豪华型酒店；全程纯玩、一价全包；包含玉龙雪山等经典景点门票索道价值约450元，行程丰富，绝不走马观花！','2018-02-09 01:13:40','0',0,5,'img/product/small/m3fbf284c91f951d6a5a071a3f02010669.jpg',NULL,NULL,NULL,NULL,NULL,NULL),(197,'【特价 东北哈尔滨+吉林+沈阳+长白山+雪乡+亚布力 双飞6天 升级版】亚布力激情滑雪 吉林雾凇长廊',2999,'一次走遍东北三省，不走回头路！邂逅中国四大自然奇观之一吉林雾凇，犹入“花非花雾非雾”的绝奇仙境！','2018-02-09 01:13:40','0',0,5,'img/product/small/m306423ad0c68230c9d4a441da788772e5.jpg',NULL,NULL,NULL,NULL,NULL,NULL),(198,'【春节 直飞北京滑雪 双飞6天 纯玩4钻 珠海往返】新春庙会 雍和宫祈福 雪世界 八达岭长城 什刹海',3599,'升级定制-特色餐饮：全聚德烤鸭、东来顺涮羊肉、1号蒸菜、老北京炸酱面！入住豪华酒店，尊享中西式自助早餐！','2018-02-09 01:13:40','0',0,5,'img/product/small/m3b2c6e8fa0e92882b9362c68dfa504324.jpg',NULL,NULL,NULL,NULL,NULL,NULL),(199,'【江西三清山+婺源+景德镇 高铁4天 超贵团】篁岭晒秋 皇窑 南昌江西博物馆 赠3斤当季赣南脐橙【四人橙行●三婺】',2149,'全程纯玩0购物！梦里老家婺源欣赏水墨乡村美景，在江南仙山三清山观奇松怪石；婺源入住豪华酒店；三清山脚升级一晚超豪华酒店；当地赠送每人3斤装正宗赣南脐橙。','2018-02-09 01:13:40','0',0,5,'img/product/small/m3af7062cd24cb520c8eae99265a9dee5e.jpg',NULL,NULL,NULL,NULL,NULL,NULL),(200,'【云南泸沽湖+西昌泸山+邛海+成都 双飞6天 贵宾团】摩梭风情篝火晚会【亲爱的客栈 醉美女儿国】',2199,'全程0自费；广州直飞成都；探秘全球唯一“男不婚、女不嫁的”摩梭文化，寻梦女儿国，四川段+云南段泸沽湖360度全景环湖游！','2018-02-09 01:13:40','0',0,5,'img/product/small/m38c2b01f1fd85866263ebcd4cb76e29dd.jpg',NULL,NULL,NULL,NULL,NULL,NULL),(201,'【张家界天门山+玻璃栈道+大峡谷+玻璃桥+凤凰古城 高铁4天 纯玩品质5+4钻】赏雾凇 溪布街 侗族合拢宴 升级超豪酒店【冰雪天门山·直击玻璃桥】',1799,'超贵团升级1晚张家界超豪（16年开业-蓝湾博格国际酒店）；冬雪是张家界冬季风光三绝之一，近观雾凇奇观，远观奇峰雪景；挑战号称世界最长、最高的全透明【玻璃桥】！','2018-02-09 01:13:40','0',0,5,'img/product/small/m36e65da7aaabb0e8e29ddd56f9f79cbe8.jpg',NULL,NULL,NULL,NULL,NULL,NULL),(202,'【一价全包 张家界大峡谷+玻璃桥+三江侗乡+凤凰古城 高铁4天 无自费4钻】矮寨大桥 古丈苗寨 篝火晚会 品湘味小龙虾',999,'全程零自费！广西+湖南联游，360°全景玻璃桥【大峡谷玻璃桥】；体验世界第一悬索桥【矮寨大桥】；','2018-02-09 01:13:40','0',0,5,'img/product/small/m3d07a3e37145d623e59f4e4e33544ce2f.jpg',NULL,NULL,NULL,NULL,NULL,NULL),(203,'【安徽黄山+九华山双飞6天 纯玩】 享黄山丰大温泉 赏舞台秀《徽韵》【寻冬季&两山联游】',2699,'游黄山送九华山，来黄山看《徽剧》，全程门票价值超700元！全程高级酒店，其中一晚屯溪市区升级超豪华酒店，一晚升级入住超豪华温泉度假酒店；','2018-02-09 01:13:40','0',0,5,'img/product/small/m347cc17d669c313c534ac8a9570bde7ef.jpg',NULL,NULL,NULL,NULL,NULL,NULL),(204,'【安徽黄山+齐云山+宏村双飞4天 纯玩】直飞黄山 升级1晚精品文化客栈',2399,'广州直飞黄山机场，黄山山顶足足游览两整天，游黄山不再匆匆；名山+徽派古村落，自然与人文的绝佳搭配，体会“一生痴绝处，无梦到徽州”；','2018-02-09 01:13:40','0',0,5,'img/product/small/m347cc17d669c313c534ac8a9570bde7ef.jpg',NULL,NULL,NULL,NULL,NULL,NULL),(205,'【东北长白山+雪乡+亚布力+吉林+哈尔滨+长春双飞6天 纯玩】亚布力激情滑雪 吉林雾凇【乐享大东北】',5399,'中国最大的国际级滑雪场——亚布力滑雪场，赠送初级滑雪两小时；观中国四大奇观之一——吉林雾凇！全程入住3晚豪华酒店，升级1晚长白山下超豪华温泉酒店，雪乡入住特色暖炕2-3人间！','2018-02-09 01:13:40','0',0,5,'img/product/small/m384ee9d8432a540b153a4afd300794e76.jpg',NULL,NULL,NULL,NULL,NULL,NULL),(206,'【宁夏银川+贺兰山国家森林公园滑雪场双飞4天】体验滑雪项目 含雪具 游玩4小时以上【冰雪银川 动感之旅】',2699,'畅游宁夏经典精华景点，亲临《爸爸去哪儿》拍摄地-【沙坡头】，穿越中国第四大沙漠腾格里；了解伊斯兰建筑、礼俗、饮食文化；品尝宁夏特色餐：蒿子面、烩小吃、黄河鲤鱼、蘑菇炖土鸡','2018-02-09 01:13:40','0',0,5,'img/product/small/m3f9f8d93ca103baee7ca3186c27f97717.jpg',NULL,NULL,NULL,NULL,NULL,NULL),(207,'【西宁+青海湖 双飞4天】东关清真寺 互助彩虹部落 彩虹冰雪节【冬游青海】',1699,'打个飞的到西北寻味美食。来杯高原青稞美酒，品尝滋补羊蝎子火锅、西北手抓羊肉；狗浇尿油饼；西北酿皮；青海酸奶；尕面片；到彩虹冰雪节滑雪、滑冰！','2018-02-09 01:13:40','0',0,5,'img/product/small/m34c5ad879aa37ed3b067f2adc0fabec15.jpg',NULL,NULL,NULL,NULL,NULL,NULL),(208,'【厦门+鼓浪屿+武夷山+大红袍景区+福州高铁5天 贵宾团】入住武夷山豪华酒店 赠送大红袍岩茶【福建·厦武福联游】',2199,'畅游世界自然与文化双重遗产【武夷山】，玩转小资厦门【鼓浪屿】【曾厝垵】，游览福州【西湖公园】【三坊七巷】！','2018-02-09 01:13:40','0',0,5,'img/product/small/m31b7e6805e116982076fa15ece3c515a1.jpg',NULL,NULL,NULL,NULL,NULL,NULL),(209,'【爆款 直飞张家界+天门山+大峡谷+凤凰古城+玻璃栈道+玻璃桥高双飞5天 纯玩顶贵团】尊享全程超豪华酒店+特色餐',2999,'直飞张家界只要1.5小时、大峡谷玻璃桥VS天门山国家森林公园玻璃栈道，全程0购物，全程入住超豪华酒店/客栈，20人精品小团，更舒适更温馨。','2018-02-09 01:13:40','0',0,5,'img/product/small/m3c9c87a1175252d187eb8c4bc228c317d.jpg',NULL,NULL,NULL,NULL,NULL,NULL),(210,'【长沙+张家界+袁家界+大峡谷+玻璃桥+凤凰古城高铁4天】品湘西地道美食：侗族—才家合拢宴 特色蘑菇宴 土家风味宴【VIP纯玩·精品张凤】',1849,'升级1晚超豪酒店-蓝湾博格国际酒店，享受五星自助早餐；赠游墨戎苗寨，体验湘西风情苗家文化风情，享受湘西苗族礼仪','2018-02-09 01:13:40','0',0,5,'img/product/small/m30aae1ff572409c9082aff495dcaaa54a.jpg',NULL,NULL,NULL,NULL,NULL,NULL),(211,'【海南三亚+蜈支洲岛+西岛+博鳌双飞4天 超贵团】天涯海角 椰田古寨 亚龙湾 玉带滩【直飞博鳌 皇牌双岛】',1799,'南航广州直飞往返博鳌，全程升级超豪华酒店！','2018-02-09 01:13:41','0',0,5,'img/product/small/m3dc9f22d10070d66a939555d3e63aaef2.jpg',NULL,NULL,NULL,NULL,NULL,NULL),(212,'【江西庐山+三清山+婺源+景德镇+南昌 火车5天 超贵团】三清山脚升级1晚超豪华酒店 品尝婺源农家宴、庐山三石宴【江山本色·火车三庐】',1799,'南昌、庐山、婺源入住豪华酒店，三清山脚升级一晚超豪华酒店；细化接待安排，导游服务贴心细致，保证游览时间，省心省力；','2018-02-09 01:13:41','0',0,5,'img/product/small/m349831f96902ff1e8382bcedeb4929d5d.jpg',NULL,NULL,NULL,NULL,NULL,NULL),(213,'【江山本色．品享三庐】江西庐山 福地三清山 徽派婺源 景德镇 南昌高铁五天 超贵团',2499,'南昌、庐山、婺源入住豪华酒店，三清山脚升级一晚超豪华酒店；','2018-02-09 01:13:41','0',0,5,'img/product/small/m37bd8032ed701e2b91f0d094c2d4c564e.jpg',NULL,NULL,NULL,NULL,NULL,NULL),(214,'【千山婺景●徽浙赣联游】黄山 长江后花园千岛湖 婺源篁岭 屯溪宋朝老街 景德镇双飞五天 惠贵团',2099,'屯溪两晚升级豪华酒店；特别安排一晚入住黄山山上，更充沛时间欣赏品味黃山之奇、黃山之美，观看黄山美丽日出！','2018-02-09 01:13:41','0',0,5,'img/product/small/m36e4a93743a0d22a76d89c6b99efa23a1.jpg',NULL,NULL,NULL,NULL,NULL,NULL),(215,'【西宁青海湖+嘉峪关+敦煌莫高窟+鸣沙山月牙泉+张掖双飞6天】西宁至嘉峪关乘坐动车 西宁升级入住超豪华酒店【青海敦煌联游】',3299,'青海湖+敦煌+嘉峪关最具代表西北景点强强联游！西宁至嘉峪关乘坐动车，动车穿越祁连山山脉，体验西北高铁之旅！','2018-02-09 01:13:42','0',0,5,'img/product/small/m37f0841e97b579b77683abc4888e8f5e2.jpg',NULL,NULL,NULL,NULL,NULL,NULL),(216,'【四川稻城亚丁+新都桥+海子山+理塘+康定+泸定桥+成都双卧9天】春季稻城亚丁预售特惠【春摄稻亚 高级团】',2399,'稻城亚丁被评为“中国最美的十大名山之一”、“中国最美的地方”等。保存有我国目前最完整、最原始的高山自然生态系统。','2018-02-09 01:13:42','0',0,5,'img/product/small/m3a68de1243ad26c7e25dc5d43a0f1d5fa.jpg',NULL,NULL,NULL,NULL,NULL,NULL),(217,'【特价 东北长白山+亚布力+雪乡+哈尔滨+沈阳双飞6天】行摄魔界 亚布力激情滑雪【经典大东北】',4999,'全景体验 品味关东：沈阳吊炉烧饼、长白山野味火锅、雪乡农家山珍宴！优质住宿：特别升级一晚长白山下超豪华温泉酒店！','2018-02-09 01:13:42','0',0,5,'img/product/small/m3ad15a67a7da74d3690cd1bcc6582d529.jpg',NULL,NULL,NULL,NULL,NULL,NULL),(218,'【特价 东北长白山+雪乡+亚布力+吉林+哈尔滨+沈阳双飞7天】亚布力激情滑雪 吉林雾凇长廊 哈进沈出不走回头路【升级版】',3099,'一次走遍东北三省，不走回头路！穿过茫茫林海雪原，赴长白山脉赏长白山天池雪域胜景！','2018-02-09 01:13:42','0',0,5,'img/product/small/m384ee9d8432a540b153a4afd300794e76.jpg',NULL,NULL,NULL,NULL,NULL,NULL),(219,'【西藏拉萨+布达拉宫+林芝+鲁朗林海三飞6天】拉萨升级入住豪华酒店 林芝升级一餐享用石锅鸡【约惠鲁朗】',2999,'挂经幡，感受藏式祈福，藏族村寨家访体验异域民风民俗；朝圣财神殿扎基寺，赏鲁朗林海雪峰牧场！','2018-02-09 01:13:42','0',0,5,'img/product/small/m3c8e0b59aa2be71e6057decbae24cb1ce.jpg',NULL,NULL,NULL,NULL,NULL,NULL),(220,'【甘肃+青海 双飞单动单卧6天】敦煌莫高窟 鸣沙山月牙泉 嘉峪关城楼 张掖丹霞地质公园 西宁塔尔寺 青海湖',2999,'沙漠奇观—鸣沙山；天下沙漠第一泉，寻访敦煌“东方艺术宝地”莫高窟、入住豪华酒店','2018-02-09 01:13:42','0',0,5,'img/product/small/m3f25da4da92afb6220a8ca5dd79ba7103.jpg',NULL,NULL,NULL,NULL,NULL,NULL),(221,'【皇牌全景 张家界高铁5天纯玩】袁家界 金鞭溪 天门山玻璃栈道 大峡谷玻璃桥 凤凰古城 < 赠百龙天梯双程 >',2299,'零自费·零购物，尊享百年餐饮老字号火宫殿美食（400元/桌），全程品质超豪华标准酒店或豪华特色客栈，大峡谷玻璃桥+玻璃栈道。','2018-02-09 01:13:42','0',0,5,'img/product/small/m32c962363cb678508de0b99aaab1de198.jpg',NULL,NULL,NULL,NULL,NULL,NULL),(222,'【纯玩 东北长白山+雪乡+亚布力+镜泊湖+吉林+沈阳+哈尔滨双飞6天】天池 吉林雾凇 亚布力激情滑雪【全景大东北（雾凇版）】',4299,'登中华十大名山长白山，中国第一雪乡双峰林场，亚布力滑雪场滑雪，特别安排游览雾凇岛，升级1晚长白山下超豪华温泉酒店！','2018-02-09 01:13:42','0',0,5,'img/product/small/m32147bf064e03b7313fe250b262d902c1.jpg',NULL,NULL,NULL,NULL,NULL,NULL),(223,'【张家界+大峡谷+玻璃桥+凤凰古城 高铁4天 纯玩5钻】零自费 零购物 一价全含 金牌优秀导游贴心一站式服务 VIP旅游专车专用 绝不套团',1899,'挑战大峡谷玻璃桥，尊享百年餐饮老字号火宫殿美食（400元/桌） ，百龙天梯·体验66秒直达山顶，全程品质超豪华标准酒！','2018-02-09 01:13:42','0',0,5,'img/product/small/m3cb94ab4f0dda8cd5ce1769e138a07971.jpg',NULL,NULL,NULL,NULL,NULL,NULL),(224,'【张家界大峡谷+玻璃桥+凤凰古城 高铁4天 纯玩5+4钻】升级1晚超豪华大成山水国际酒店 全程零购物 零自费 门票全包',1399,'全程零购物，零自费，入住一晚大成山水国际酒店，品尝火宫殿特色宴，大型民俗篝火欢迎晚会！','2018-02-09 01:13:42','0',0,5,'img/product/small/m34d11a1ccddf9b6b538944f868ebfc4af.jpg',NULL,NULL,NULL,NULL,NULL,NULL),(225,'【锦绣潇湘·春暖湖南】南岳衡山祈福 韶山毛主席故居 刘少奇花明楼 橘子洲头 岳麓山 爱晚亭 高铁三天 【纯玩 贵宾团】',1499,'全程不购物、保证广东省内成团，绝不全国大散拼！','2018-02-09 01:13:42','0',0,5,'img/product/small/m3d5684b0a84605a17b418d547ccb30431.jpg',NULL,NULL,NULL,NULL,NULL,NULL),(226,'【包船·黄金邮轮：重庆至宜昌 高铁5天 超贵团】长江三峡 三峡大坝 入住 小三峡 丰都鬼城 重庆磁器口 解放碑【阳台标双房】',3399,'直达双动，不走回头路，直达目的地；游览仙境般的长江三峡支流峡谷----大宁河小三峡；享用游船上精美中西自助美食！','2018-02-09 01:13:43','0',0,5,'img/product/small/m3caa309cf45feb26ae050469ddaca1bac.jpg',NULL,NULL,NULL,NULL,NULL,NULL),(227,'【深圳出发 买1送1·厦门 高铁3天 升级一晚超豪华酒店】鼓浪屿 曾厝垵 环岛路 闽南老院子 观5D大咖秀 品太极养生素食宴',1499,'买一送一！深圳北往返，特别安排一晚厦门特色客栈，充分时间体验小资情调，升级厦门一晚超豪华酒店；','2018-02-09 01:13:43','0',0,5,'img/product/small/m319ebf7585e9734b5ca16924c8fb9ac0f.jpg',NULL,NULL,NULL,NULL,NULL,NULL),(228,'【重庆+武隆+仙女山 双飞5天 遵义往返】武隆升级入住超豪华酒店',2499,'','2018-02-09 01:13:43','0',0,5,'img/product/small/m37e0bed5f73a83d4684472698191a6d1e.jpg',NULL,NULL,NULL,NULL,NULL,NULL),(229,'【私家小团 云南泸沽湖+丽江 双飞5天 丽江往返 纯玩贵宾团】丽江入住当地精选超豪华客栈+特别安排泸沽湖两晚一线湖景诗莉莉系列独家客栈',4899,'直飞丽江往返！丽江入住当地精选超豪华客栈+特别安排泸沽湖两晚一线湖景诗莉莉系列独家客栈！品尝纳西特色马帮菜！','2018-02-09 01:13:43','0',0,5,'img/product/small/m358bdda3897fcf0948c73908201b33fcd.jpg',NULL,NULL,NULL,NULL,NULL,NULL),(230,'【云南腾冲+热海热谷温泉+瑞丽 双飞6天 保山往返 贵宾团】全程入住当地精选豪华酒店',3599,'特别赠送：价值268元/人热海风景区-热谷温泉泡澡，真正的硫磺温泉水；全程入住当地精选豪华酒店！','2018-02-09 01:13:43','0',0,5,'img/product/small/m39060b0883d8a358677b8c222abcc7bae.jpg',NULL,NULL,NULL,NULL,NULL,NULL),(231,'【湖北恩施大峡谷+长江三峡+重庆酉阳桃花源+湖南凤凰古城+广西三江 高铁5天 纯玩团】玩转湘鄂渝桂黔精华景点',2299,'经典张凤+重庆酉阳桃花源+湖北恩施大峡谷+广西三江风雨桥+湘黔渝交界处，一次出行，玩转五省精华景点，体验各个民族多彩风情！','2018-02-09 01:13:44','0',0,5,'img/product/small/m3c0b7f553102b0dd7c23bad24045381ec.jpg',NULL,NULL,NULL,NULL,NULL,NULL),(232,'【甘肃敦煌雷音寺祈福+莫高窟+兰州黄河风情 双飞双卧6天】入住豪华酒店【西域豪情 遇见敦煌】',2499,'寻访敦煌“东方艺术宝地”莫高窟，世界上现存规模最大，内容最丰富的的佛教艺术圣地；登临明万里长城西止点、戈壁幻海—嘉峪关；尽览黄河风情！','2018-02-09 01:13:44','0',0,5,'img/product/small/m39ee453f46eebea01eef0fbe95aa9ddd5.jpg',NULL,NULL,NULL,NULL,NULL,NULL),(233,'【1月 新疆乌鲁木齐+喀纳斯+禾木+福海冬捕牧鱼纳福 双飞5天 纯玩贵宾团】入住禾木特色酒店 喀纳斯段乘越野 独家4人成团',4999,'独家4人成团！阿勒泰段全程越野，喀纳斯上的去下的来！禾木景区特色民宿，有暖气！仰望冬日星空，感受一份没有烦恼的静谧！','2018-02-09 01:13:44','0',0,5,'img/product/small/m3b08e4d7f21ac03d7c759446017cc33c4.jpg',NULL,NULL,NULL,NULL,NULL,NULL),(234,'【春节 西安+华山+郑州+龙门石窟+嵩山少林寺+开封 双飞5天 纯玩贵宾团】大慈恩寺祈福 翰园新春大庙会 品喜福宴【中原全景.阖家欢】',4599,'两省精华景点，一次旅行尽览“西京长安、东京洛阳、商城郑州、宋城开封”！全程升级四晚豪华酒店！','2018-02-09 01:13:44','0',0,5,'img/product/small/m3145a0d023af6818fea166ee33880cd87.jpg',NULL,NULL,NULL,NULL,NULL,NULL),(235,'【春节 西安+华山+秦岭滑雪+兵马俑博物馆 双飞4天 纯玩顶贵团】全程5星酒店 大唐芙蓉园灯会+大慈恩寺祈福+汉城湖新春庙会',4599,'西安升级2晚指定酒店高新希尔顿酒店或同级、华山入住当地最好五星酒店——华山国际酒店！','2018-02-09 01:13:44','0',0,5,'img/product/small/m337209b6487f8ee9e2c11e470a89e13a8.jpg',NULL,NULL,NULL,NULL,NULL,NULL),(236,'【春节 西安+延安+黄河壶口冰瀑+兵马俑+华山 双飞5天】汉城湖新春庙会【陕西全景】',2999,'观摩“世界第八大奇迹”兵马俑；问鼎五岳之巅华山；祭拜华夏儿女共同的祖先黄帝陵；观赏混沌奇迹壶口瀑布；到访延安，追忆革命先驱精神！体验北方包饺子过大年，品尝西安春节特色餐—喜福宴！','2018-02-09 01:13:44','0',0,5,'img/product/small/m337209b6487f8ee9e2c11e470a89e13a8.jpg',NULL,NULL,NULL,NULL,NULL,NULL),(237,'【春节 陕西西安+黄河壶口瀑布+延安+汉城湖新春庙会 双飞4天 贵宾团】升级3晚豪华酒店【红色陕北】',3899,'体验北方包饺子过大年，品尝西安春节特色餐—喜福宴！','2018-02-09 01:13:44','0',0,5,'img/product/small/m311691a217249481ffde6287d925c647b.jpg',NULL,NULL,NULL,NULL,NULL,NULL),(238,'【春节 内蒙古呼和浩特+大召寺新年祈福+希拉穆仁草原+响沙湾 双飞4天 顶超团】升级2晚超豪华酒店 特别安排入住莲花酒店滑雪度假',5599,'“蒙享福”主题活动：包饺子、做奶食、行年礼、印年画、晒幸福、赢大礼！贺年福：亲临内蒙古佛教圣地大召寺，燃灯祈福、全家平安，幸福安康，聆听佛韵精髓！','2018-02-09 01:13:44','0',0,5,'img/product/small/m30a86bc0ac9acd1233e03889c56c8879c.jpg',NULL,NULL,NULL,NULL,NULL,NULL),(239,'【春节 内蒙古呼和浩特滑雪+大召寺新年祈福+希拉穆仁草原+响沙湾 双飞4天 超贵团】升级2晚超豪华酒店',3399,'两晚呼和浩特国际五星酒店；亲临内蒙古佛教圣地大召寺，燃灯祈福；欣赏冬季雪景，畅玩滑雪，浩瀚大漠亲近大自然，草原牧户载歌载舞，乐在其中。','2018-02-09 01:13:44','0',0,5,'img/product/small/m3053bfcfa01270dd328400557a4206412.jpg',NULL,NULL,NULL,NULL,NULL,NULL),(240,'【春节 山西+内蒙古 双飞5天 超贵团】升级1晚超豪华酒店 呼和浩特滑雪 大昭寺新年祈福',4499,'2018新春山西＋内蒙游，大昭寺新年祈福、感受响沙湾“大漠孤烟直”的雄浑与壮美、亲临牧户家庭；赏雪景、玩滑雪、品尝地道的内蒙古美食、手把肉、正宗涮羊肉，体会独特浓郁的蒙古民族文化风情！','2018-02-09 01:13:44','0',0,5,'img/product/small/m3a70558ab3e3d4e57ea005eb317cd18fd.jpg',NULL,NULL,NULL,NULL,NULL,NULL),(241,'【新疆乌鲁木齐+天山天池+天山滑雪+库姆塔格沙漠 双飞6天】南航直飞·景点全包0购物·全程超豪华酒店【皇牌新疆.五星亲子游】',4399,'全程入住精选豪华五星国际酒店；走进沙漠绿洲吐鲁番、赏坎儿井、观火焰山、葡萄沟长廊、观2016年全国冬运会主场馆-天池国际滑雪场、亲身体验国内最好的滑雪场地！','2018-02-09 01:13:45','0',0,5,'img/product/small/m3b73ad0712746ef03019e34fb9757401d.jpg',NULL,NULL,NULL,NULL,NULL,NULL),(242,'【春节 宁夏银川+贺兰山苏峪口滑雪场 双飞4天】升级一晚温泉酒店 送酒店内温泉体验【神奇宁夏 玩转银川】',2999,'玩冰雪、探秘西夏文化、体验回乡风情、品美酒、尝暧心火锅、住温泉酒店泡温泉、晒暖暖的阳光，享受别样的“新春之旅”！','2018-02-09 01:13:45','0',0,5,'img/product/small/m34548a35fb0e211ca8d666eb6dd6e433d.jpg',NULL,NULL,NULL,NULL,NULL,NULL),(243,'【春节 甘肃敦煌+莫高窟+鸣沙山+嘉峪关+张掖+玉门关+兰州 单高铁单卧6天】西北最具代表景点全囊括【西域豪情 重走河西走廊】',4399,'参与敦煌市文化馆新春猜灯谜等比赛和游艺活动！西北最具代表景点全囊括！赠送西北特色小礼品！','2018-02-09 01:13:45','0',0,5,'img/product/small/m34b223e87d54d5d5cf8bb4355a9a58d93.jpg',NULL,NULL,NULL,NULL,NULL,NULL),(244,'【山西太原滑雪+五台山+壶口瀑布+平遥古城 双飞5天 纯玩贵宾团】黄河 常家庄园 荷花园温泉【冬游经典：当滑雪.瀑布遇上温泉】',2399,'山西一次旅行南北景点一网打尽，全程入住豪华酒店，襄汾荷花园养生温泉任泡，尝老陈醋养生、佛国素斋、山西面食、平遥特色小吃。','2018-02-09 01:13:45','0',0,5,'img/product/small/m319eedc28a703d18423fef5cdac5c67e8.jpg',NULL,NULL,NULL,NULL,NULL,NULL),(245,'【山西太原滑雪+五台山+平遥古城+大同 双飞5天 贵宾团】悬空寺 常家庄园【畅游山西.冬季滑雪】',1999,'一次看遍山西著名景点，玩转山西。全程入住豪华酒店，体验一晚平遥民俗客栈','2018-02-09 01:13:45','0',0,5,'img/product/small/m376e20eb3585db8de742aa741f0309afe.jpg',NULL,NULL,NULL,NULL,NULL,NULL),(246,'【春节 佛山出发 湖南张家界大峡谷+凤凰古城+重庆酉阳桃花源+湖北恩施大峡谷 高铁5天 贵宾团】升级特色风味餐【湘鄂渝三省联游】',3399,'升级特色餐：恩施土家摔碗酒、苗家风味宴、侗族才家合拢宴！','2018-02-09 01:13:45','0',0,5,'img/product/small/m3880c0d905f2b5a0211079a7d9f048314.jpg',NULL,NULL,NULL,NULL,NULL,NULL),(247,'【春节 华东五市+上海迪士尼喜迎奇妙年 双飞6天】牛首山新年祈福 第一水乡周庄 特色年俗闹新春 逛三大庙会 【赏2大夜景迪士尼烟花秀+拈花禅意灯光秀 金马自营】',3699,'上海迪士尼喜迎奇妙年；一晚超豪华酒店、四晚自助早餐商务酒店，品质的保障！','2018-02-09 01:13:45','0',0,5,'img/product/small/m32e710553e4cd4ffc711ac8123ba1bf3c.png',NULL,NULL,NULL,NULL,NULL,NULL),(248,'【增从专线 越南下龙湾+河内+芒街 双飞4天 高级团】南航广州直飞南宁 升级一餐越式炸鸡火锅宴',699,'南航正点航班往返1小时直达南宁！升级一餐越式炸鸡火锅宴！双导游服务，免收服务小费，周全照顾贴心服务随心出游！','2018-02-09 01:13:45','0',0,5,'img/product/small/m341f0cf591f059a084ec9bdc3eff7a938.jpg',NULL,NULL,NULL,NULL,NULL,NULL),(249,'【佛山出发 2-3月直飞北京 双飞6天 特惠3钻】北京故宫 八达岭 颐和园 天坛 奥运场馆 高级团【珠海往返】',1299,'一次畅游北京22大知名景点！','2018-02-09 01:13:45','0',0,5,'img/product/small/m34dd570b4f897d6a3196e66ad00b37f77.jpg',NULL,NULL,NULL,NULL,NULL,NULL),(250,'【佛山出发 春节 云南罗平油菜花+贵州+广西 高铁5天·0购物0自费】 雨布鲁天坑 马岭河大峡谷 布依族篝火晚会【超贵团云贵桂联游】',2799,'独家揭秘《爸爸去哪儿5》最火拍摄地，玩转婺源金色花海，探访远离喧嚣的古寨人家！ 享用当地三大特色宴：贵州兴义特色宴、酸汤鱼宴、广西百色农家宴！贵州全程升级3晚超豪华酒店！','2018-02-09 01:13:45','0',0,5,'img/product/small/m34f047ea4d1d1e0b832aa8a5dd55716c4.jpg',NULL,NULL,NULL,NULL,NULL,NULL),(251,'【佛山出发 春节 张家界天门山+玻璃栈道+大峡谷玻璃桥+凤凰古城 高铁4天·叹超豪华酒店】+1元换购魅力湘西千人大型民俗歌舞晚会',2899,'全程零购物•零自费！欢欢喜喜过大年：看追爱《魅力湘西》千人大型民俗歌舞晚会；听侗族大戏，专场大湘西民俗风情合拢宴；感受打糍粑、祈福上红；猜灯迷、三棒鼓、茅古斯等民间传统文化活动。','2018-02-09 01:13:45','0',0,5,'img/product/small/m3465e6dbdbd77e48ef66862436c36d0a3.jpg',NULL,NULL,NULL,NULL,NULL,NULL),(252,'【春节 华东六市+双水乡乌镇、南浔古镇纯玩双飞6天】扬州瘦西湖、灵山祈福、苏州光福赏梅、西湖游船',3699,'合家欢经典江南景点：灵山大佛、瘦西湖、乌镇西栅、南浔古镇、中山陵、光福赏梅、船游西湖；新春之旅享4晚豪华酒店+升级一晚超豪华酒店！','2018-02-09 01:13:46','0',0,5,'img/product/small/m33f0d22d87eee526e0c25384f78654b05.jpg',NULL,NULL,NULL,NULL,NULL,NULL),(253,'【春节 普陀山祈福+杭州+西塘+上海 双飞4天 杭州入上海出】纯玩0购物',3599,'纯玩0购物，祈福时光充裕不匆忙！','2018-02-09 01:13:46','0',0,5,'img/product/small/m313e7dd333f562f2830ba00744d4f4a77.jpg',NULL,NULL,NULL,NULL,NULL,NULL),(254,'【佛山专线 春节 直飞北京 滑雪双飞5天 纯玩4钻】新春庙会 雪世界 颐和园 故宫 八达岭长城 天坛 奥运场馆 什刹海',4799,'游玩北京一年一度的大庆典——新春庙会；登故宫新区：登上【雁翅楼】、摆驾【寿康宫】、探秘【慈宁宫花园】！','2018-02-09 01:13:46','0',0,5,'img/product/small/m3a91779e64adcd291562b59dd225639b7.jpg',NULL,NULL,NULL,NULL,NULL,NULL),(255,'【佛山专线 春节 贵州黄果树瀑布+荔波大小七孔+西江千户苗寨 高铁5天 纯玩】体验民俗活动打糍粑 穿苗服 青岩古镇逛庙会【+1元全程豪叹超豪华酒店】',2999,'贵州“亚洲第一瀑布”黄果树、世界双自然遗产地——荔波大/小七孔、“中国第一苗寨”千户苗寨必玩景点一网打尽！庙会、灯谜以及各地民族传统活动庆祝，让你感受浓郁的春节氛围！','2018-02-09 01:13:46','0',0,5,'img/product/small/m37d8d151694fd4efe55f6fc82fff568b0.jpg',NULL,NULL,NULL,NULL,NULL,NULL),(256,'【内蒙古+呼和浩特滑雪 】享亲子活动包饺子、做奶食、行年礼+大召寺新年燃灯祈福',3399,'独家举办 “蒙幸福”亲子主题活动：包饺子、做奶食、行年礼、晒幸福、赢大礼！佛教圣地大昭寺祈福、赏冬季草原美景、印象响沙湾畅游大漠、内蒙新春体验之旅；豪享两晚呼和浩特超豪华酒店！','2020-02-09 01:13:47','1',11,5,'img/product/small/m350346b5defdf13cacd729af60a4c3560.jpg','4天-7天','123-123-12312','自由行','免费','全天','独家举办 “蒙幸福”亲子主题活动：包饺子、做奶食、行年礼、晒幸福、赢大礼！佛教圣地大昭寺祈福、赏冬季草原美景、印象响沙湾畅游大漠、内蒙新春体验之旅；豪享两晚呼和浩特超豪华酒店！'),(257,'【佛山专线 内蒙古+响沙湾+希拉穆仁草 双飞4天】大召寺新年祈福 莲花酒店滑雪度假 牧民家访',5799,'“蒙享福”主题活动：包饺子、做奶食、行年礼、印年画、晒幸福、赢大礼！贺年福：亲临内蒙古佛教圣地大召寺，燃灯祈福、全家平安，幸福安康，聆听佛韵精髓！','2020-03-09 01:13:47','0',0,5,'img/product/small/m3053bfcfa01270dd328400557a4206412.jpg',NULL,NULL,NULL,NULL,NULL,NULL),(258,'【佛山专线 春节 山西平遥古城+云丘山+壶口瀑布+五台山+太原滑雪 双飞5天】太原升级一晚超豪华酒店【过大年民俗亲子体验活动】',3599,'独家推出“平遥赏民俗、云丘品文化、山西过大年”，2+1亲子民俗体验游，给幸福加分、为成长加油。','2020-02-10 01:13:47','0',0,5,'img/product/small/m32ac04bacecdc6377dec1abef32b4fa9d.jpg',NULL,NULL,NULL,NULL,NULL,NULL),(259,'【春节 越南船游下龙湾+巡洲岛+南宁 双飞4天】0购物0自费 +1元全程豪叹超豪华酒店【奢华纯玩越南】',2999,'全程承诺纯玩0购物0自费；+1元全程豪叹超豪华酒店！','2020-02-09 01:13:47','0',0,5,'img/product/small/m37a2af301a56ba722ffae8ae2a666e263.jpg',NULL,NULL,NULL,NULL,NULL,NULL),(260,'【佛山专线 春节 越南岘港+下龙湾+河内 双高铁双飞6天 纯玩贵宾团】0购物0自费【越识叹·南北越联游·玩转巴拿山】',4699,'海陆空联游线路！纯玩0购物0自费！中越双导游服务，全程专业粤语导游讲解，周全照顾贴心服务随心出游！','2020-02-09 01:13:47','0',0,5,'img/product/small/m313c5693d579f6fb55ab6cc935f0ea034.jpg',NULL,NULL,NULL,NULL,NULL,NULL),(261,'【陕西西安+河南洛阳龙门石窟+黄河壶口瀑布+延安+华山+郑州全景双卧8天】黄帝陵 兵马俑博物馆 嵩山少林寺',2950,'畅游陕西、河南、山西三省各大精华景点，升级洛阳-华山乘动车，游览黄河壶口瀑布，秦始皇兵马俑，西岳华山！','2018-02-09 01:13:47','0',0,5,'img/product/small/m337209b6487f8ee9e2c11e470a89e13a8.jpg',NULL,NULL,NULL,NULL,NULL,NULL),(262,'【初春·约惠厦门 动车三天纯玩高级团】厦门鼓浪屿、曾厝垵、五色环岛路、环岛路木栈道、南普陀寺祈福',949,'漫步海上花园，寻幽万国建筑。找猫、找路、找风景、找历史、找美食，寻找专属自己的浪漫时光','2018-02-09 01:13:47','0',0,5,'img/product/small/m323e1d43221d7b9014f7546ccab67a46f.jpg',NULL,NULL,NULL,NULL,NULL,NULL),(263,'【龙脊梯田+崀山赏花 豪华动车四天团】龙脊平安寨梯田 天一巷 八角寨 辣椒峰 石田油菜花海 瑶王宴 木龙湖',1169,'游览素有“世界梯田之冠”美誉的龙脊梯田（安排古壮寨、平安寨双梯田美景）！','2018-02-09 01:13:47','0',0,5,'img/product/small/m32d0abfffd0a64b397315bd0eed5776d4.jpg',NULL,NULL,NULL,NULL,NULL,NULL),(264,'【至尊江西庐山+三清山+婺源+南昌 高铁五天】婺源古村落 篁岭油菜花 景德镇古窑 南昌滕王阁【美食盛宴+全程超豪华优质酒店】',4199,'美食盛宴，5大特色餐要你舔舔脷！庐山三石宴、婺源徽菜宴、景德镇陶瓷宴、南昌赣菜宴、三清山生态宴；一价全含：行程中所有门票、索道、观光车全含，门票总价值920元。全程入住超豪华酒店，旅途舒适安心！','2018-02-09 01:13:47','0',0,5,'img/product/small/m3e3bd7b061c32a7ea6a21d93641c806cb.jpg',NULL,NULL,NULL,NULL,NULL,NULL),(265,'【3月特惠 陕西西安+华山 双飞4天】古都西安 青龙寺赏樱花 兵马俑 梦回大秦 西岳华山 大小雁塔汉城湖【贵宾团】',2199,'特别安排：全国重点文物保护单位---青龙寺赏樱花！升级3晚四星豪华标准酒店！','2018-02-09 01:13:47','0',0,5,'img/product/small/m3e92a5813376e788457b488dc1c686499.jpg',NULL,NULL,NULL,NULL,NULL,NULL),(266,'【￥3888送五福之一】新疆乌鲁木齐+托克逊杏花园+天山天池+火洲吐鲁番+坎儿井+库姆塔格沙漠 双飞6天【需咨询客服】',1999,'￥3888元尊享新疆线和五福选一！天池雪景风光+鄯善库木塔格沙漠+火洲吐鲁番感受少数民族风情+托克逊杏福园花开第一春，尊享之旅！','2018-02-09 01:13:47','0',0,5,'img/product/small/m3cda62bd923c9daeb8e34fb1e6b9f1a82.jpg',NULL,NULL,NULL,NULL,NULL,NULL),(267,'【豪叹喜来登 桂林动车纯玩四天贵宾团】船游大漓江 象鼻山 梦幻漓江山水表演 阳朔西街 银子岩 骥马村油菜花海（佛山出发）',1299,'全市独家线路，第三晚升级入住福朋喜来登酒店','2018-02-09 01:13:47','0',0,5,'img/product/small/m37c7b02b2e7195de7792cec5db3bafd0e.jpg',NULL,NULL,NULL,NULL,NULL,NULL),(268,'【龙脊放水节 豪叹希尔顿 动车三天团超贵团】龙脊古壮寨梯田 平安梯田 布尼梯田 桂林訾洲岛 城徽象鼻山',666,'精选住宿：1晚入住特色吊脚楼+1晚指定入住希尔顿欢朋酒店，舒适客房35平米超大自由空间！品希尔顿酒店中西式自助早','2018-02-09 01:13:47','0',0,5,'img/product/small/m361092f35ec7d5441b7546781cef4a380.jpg',NULL,NULL,NULL,NULL,NULL,NULL),(269,'【桂林赏花 豪叹喜来登 动车纯玩四天贵宾团】船游大漓江 西山公园 城徽象鼻山 梦幻漓江山水表演 银子岩 骥马村油菜花海',1299,'1晚指定入住福朋喜来登酒店，品价值138元中西式自助早餐，室内恒温游泳池免费畅游/高级健身房尽情挥洒汗水','2018-02-09 01:13:47','0',0,5,'img/product/small/m3fd95ae517091220d8430dbb36418ad4c.jpg',NULL,NULL,NULL,NULL,NULL,NULL),(270,'【桂林崀山赏花 动车三天贵宾团】中国丹霞之魂 八角寨 辣椒峰 南溪山樱花园 木龙湖 崀山瑶王宴 升级一晚桂林超豪华酒店',899,'游【南溪山樱花园】，每年春天，这里的樱花竞相开放，樱花随风起舞，翩然而落，美不胜收','2018-02-09 01:13:47','0',0,5,'img/product/small/m3554151406645ebce104f463c2c2e3c8c.jpg',NULL,NULL,NULL,NULL,NULL,NULL),(271,'【尊享内蒙古·呼和浩特+希拉穆仁草原+响沙湾 双飞4天】伊利工业园，畅玩沙漠＋草原＋民俗＋美食+滑雪【超贵团】',1699,'升级一晚超豪华酒店，尊享不一样的住宿体验。品尝醇正蒙古奶茶、诚邀您草原大锅煮手扒肉，体验不一样的蒙古族美食文化。','2018-02-09 01:13:48','0',0,5,'img/product/small/m3b3f923ddb50bb855305a5c60e264185a.jpg',NULL,NULL,NULL,NULL,NULL,NULL),(272,'【江西庐山+三清山+婺源篁岭油菜花 双飞4天】景德镇古窑 南昌滕王阁 美食盛宴【全程超豪华优质酒店 12人封顶小团】',3699,'美食盛宴，5大特色餐要你舔舔脷！庐山三石宴、婺源徽菜宴、景德镇陶瓷宴、南昌赣菜宴、三清山生态宴；一价全含：行程中所有门票、索道、观光车全含，门票总价值920元。全程入住超豪华酒店，旅途舒适安心！','2018-02-09 01:13:49','0',0,5,'img/product/small/m37bd8032ed701e2b91f0d094c2d4c564e.jpg',NULL,NULL,NULL,NULL,NULL,NULL),(273,'【寒假 华东五市·禅意祈福 双飞6天】杭州宋城景区 上海环球金融中心 七里山塘游船 无锡鼋头渚 南京牛首山祈福 拈花湾灯光秀《禅行》【三大加点一价全含】',2799,'三大加点一价全含，门票价值高达620元！杭州宋城景区，窥杭城变迁足迹；茂俯瞰大上海风云变幻；七里山塘游船，品老苏州自在生活，感受不同城市之间的风貌与魅力！','2018-02-09 01:13:49','0',0,5,'img/product/small/m3f15936372dc3462d335b0e4ae95ef10b.jpg',NULL,NULL,NULL,NULL,NULL,NULL),(274,'【预售 云南丽江+大理+昆明+玉龙雪山+洱海 双飞6天·一价全包无自费】玉龙雪山 拉市海 大理古城 洱海风光 乃古石林 陆军讲武堂【贵宾团】',2499,'全程安排当地豪华型酒店；全程纯玩、一价全包；包含玉龙雪山等经典景点门票索道价值约450元，行程丰富，绝不走马观花！','2018-02-09 01:13:49','0',0,5,'img/product/small/m3fbf284c91f951d6a5a071a3f02010669.jpg',NULL,NULL,NULL,NULL,NULL,NULL),(275,'【春节】北京5天4晚自由行奢华酒店套餐【全程入住IHG酒店集团旗下丽都皇冠假日酒店，享豪华中西自助早餐，提供24小时接机/接站服务】',1888,'全程入住IHG酒店集团旗下丽都皇冠假日酒店，享豪华中西自助早餐，提供24小时接机/接站服务！','2018-02-09 01:13:49','0',0,5,'img/product/small/m3d277c4162a89fec039c3b96e083ac4eb.jpg',NULL,NULL,NULL,NULL,NULL,NULL),(276,'【春节】丽江+大理 双飞5天4晚 自由行套餐【含广州直飞往返机票+3晚丽江古城豪华客栈+1晚洱海特色客栈+大理2天游+机场到酒店往返接送】',5599,'含广州直飞丽江往返机票+3晚丽江古城豪华型客栈+1晚洱海特色客栈+大理2天游+机场到酒店往返接送！','2018-02-09 01:13:49','0',0,5,'img/product/small/m396e332e6fe9c1a7396837bd17730c47f.jpg',NULL,NULL,NULL,NULL,NULL,NULL),(277,'【春节】丽江 双飞5天4晚 自由行套餐【含广州直飞往返机票+3晚丽江古城内豪华客栈+泸沽湖2日游+机场到酒店往返接送】',5499,'含广州直飞丽江往返机票+3晚丽江古城内豪华客栈+泸沽湖2日游+机场到酒店往返接送！','2018-02-09 01:13:49','0',0,5,'img/product/small/m32d5f7517d1f822788efbfc58ee0371a8.jpg',NULL,NULL,NULL,NULL,NULL,NULL),(278,'【春节】厦门 高铁3天2晚 自由行套票【含广州往返高铁票+2晚厦门市区豪华酒店】',1499,'含广州往返高铁票+2晚厦门市区豪华酒店！','2018-02-09 01:13:49','0',0,5,'img/product/small/m3b3bbdd11f3ea6f1a849b7f744f432e7f.jpg',NULL,NULL,NULL,NULL,NULL,NULL),(279,'【春节】阳朔 高铁3天2晚 自由行套票【含广州往返高铁票+2晚豪华型阳朔喆啡酒店（田园店）+每日自助早餐+天籁·蝴蝶泉门票】',599,'含广州往返高铁票+2晚豪华型阳朔喆啡酒店（田园店）+每日自助早餐+天籁·蝴蝶泉门票！','2018-02-09 01:13:49','0',0,5,'img/product/small/m399c4e65d810fd27f462e8807684711de.jpg',NULL,NULL,NULL,NULL,NULL,NULL),(280,'【春节】阳朔 高铁3天2晚 自由行套票【含广州往返高铁票+2晚西街口豪华型阳朔万丽花园大酒店+每日西式自助早餐】',799,'含广州往返高铁票+2晚西街口豪华型阳朔万丽花园大酒店+每日西式自助早餐！','2018-02-09 01:13:49','0',0,5,'img/product/small/m39c080ecfa42c2511244f532e13f793b1.jpg',NULL,NULL,NULL,NULL,NULL,NULL),(281,'【春节】三亚 双飞3天2晚 自由行套票【含广州直飞往返机票+2晚海棠湾理文索菲特度假酒店+每日自助早餐+VIP专车接送机服务】',5899,'含广州直飞三亚往返机票+2晚海棠湾理文索菲特度假酒店+每日自助早餐+VIP专车接送机服务！','2018-02-09 01:13:49','0',0,5,'img/product/small/m3471424a0d20c4c3a57a498430a82be41.jpg',NULL,NULL,NULL,NULL,NULL,NULL),(282,'【春节】三亚 双飞3天2晚 自由行套票【含广州直飞往返机票+2晚海居铂尔曼酒店高级花园房+每日中西式自助早餐+VIP专车接送机服务】',5099,'含广州直飞三亚往返机票+2晚海居铂尔曼酒店高级花园房+每日中西式自助早餐+VIP专车接送机服务！','2018-02-09 01:13:49','0',0,5,'img/product/small/m34332119c1d3b137dee37e76e5d2d9391.jpg',NULL,NULL,NULL,NULL,NULL,NULL),(283,'长白山 双飞5天4晚 半自由行套票【含广州往返机票+2晚长春当地高级酒店+2晚长白山万达小镇豪华酒店+万达小镇门票大礼包】',7999,'含广州往返机票+2晚长春当地高级酒店+2晚长白山万达小镇豪华型酒店+万达小镇门票大礼包！','2018-02-09 01:13:49','0',0,5,'img/product/small/m31527368eef1e90e2e1eca8bc6d56ffde.jpg',NULL,NULL,NULL,NULL,NULL,NULL),(284,'厦门+鼓浪屿 高铁3天2晚 自由行套票【含广州往返高铁票+1晚厦门市区豪华型酒店+1晚厦门鼓浪屿特色客栈】',899,'含广州往返高铁票+1晚厦门市区豪华型酒店+1晚厦门鼓浪屿特色客栈！','2018-02-09 01:13:49','0',0,5,'img/product/small/m3b989a3f3653eaab8d291362474e7d2b0.jpg',NULL,NULL,NULL,NULL,NULL,NULL),(285,'长白山 双飞5天4晚 半自由行套票【含广州往返机票+1晚吉林当地豪华酒店+1晚二道白河当地超豪华酒店+2晚万达小镇豪华型酒店+万达小镇门票大礼包+接送机】',9599,'含广州往返机票+1晚吉林当地豪华酒店+1晚二道白河当地超豪华酒店+2晚万达小镇豪华型酒店+万达小镇门票大礼包+接送机！','2018-02-09 01:13:49','0',0,5,'img/product/small/m31527368eef1e90e2e1eca8bc6d56ffde.jpg',NULL,NULL,NULL,NULL,NULL,NULL),(286,'西藏朝圣之旅 三飞7天6晚 自由行套票【含广州往返机票+2晚拉萨当地超豪华型酒店+1晚重庆机场酒店】',2299,'含广州往返机票+2晚拉萨当地超豪华型酒店+1晚重庆机场酒店！','2018-02-09 01:13:50','0',0,5,'img/product/small/m3958e1b9c2b8b43da1c3440b71155dc7d.jpg',NULL,NULL,NULL,NULL,NULL,NULL),(287,'新疆 双飞5天4晚 半自由行套票【含广州直飞往返机票+4晚希尔顿酒店+南山滑雪1天游+机场到酒店单程交通】',3999,'含广州直飞乌鲁木齐往返机票+4晚希尔顿酒店+南山滑雪1天游+机场到酒店单程交通！','2018-02-09 01:13:50','0',0,5,'img/product/small/m3b73ad0712746ef03019e34fb9757401d.jpg',NULL,NULL,NULL,NULL,NULL,NULL),(288,'兰州 双飞6天5晚 自由行套票【含广州直飞往返机票+1晚兰州当地高档型酒店】',1899,'含广州直飞兰州往返机票+1晚兰州当地高档型酒店！','2018-02-09 01:13:50','0',0,5,'img/product/small/m3824f8d34ac79533f1eea1b48869ae356.jpg',NULL,NULL,NULL,NULL,NULL,NULL),(289,'厦门+鼓浪屿 高铁4天3晚 自由行套票【含广州往返高铁票+2晚厦门市区高级型/连锁酒店+1晚厦门鼓浪屿特色客栈/酒店】',999,'含广州往返高铁票+2晚厦门市区高级型/连锁酒店+1晚厦门鼓浪屿特色客栈/酒店！','2018-02-09 01:13:51','0',0,5,'img/product/small/m3afc3e64f7ad9d519511704c449558522.jpg',NULL,NULL,NULL,NULL,NULL,NULL),(290,'阳朔 高铁3天2晚 自由行套票【含广州往返高铁票+2晚悦榕庄山脉印象套房+每日中西式自助早餐+竹筏漓江游+高铁站到酒店去程或回程交通】',1999,'含广州往返高铁票+2晚悦榕庄山脉印象套房+每日中西式自助早餐+竹筏漓江游+高铁站到酒店去程或回程交通！','2018-02-09 01:13:51','0',0,5,'img/product/small/m3395dd088670dfb34bbff4367c06acbcb.jpg',NULL,NULL,NULL,NULL,NULL,NULL),(291,'北海+涠洲岛 高铁3天2晚 半自由行套票【含广州往返高铁票+2晚北海高档型酒店+每日自助早餐+涠洲岛1日游】',699,'含广州到北海往返高铁票+2晚北海高档型酒店+每日自助早餐+涠洲岛1日游！','2018-02-09 01:13:51','0',0,5,'img/product/small/m3767fc94b0d88476ce08e0d08780ac528.jpg',NULL,NULL,NULL,NULL,NULL,NULL),(292,'北海+涠洲岛 高铁3天2晚 自由行套票【含广州往返高铁+1晚北海高档型酒店+1晚涠洲岛高档型酒店+涠洲岛1日游】',699,'含广州到北海往返高铁+1晚北海高档型酒店+1晚涠洲岛高档型酒店+涠洲岛1日游！','2018-02-09 01:13:51','0',0,5,'img/product/small/m3767fc94b0d88476ce08e0d08780ac528.jpg',NULL,NULL,NULL,NULL,NULL,NULL),(293,'丽江+泸沽湖 双飞5天4晚 半自由行套票【含广州直飞往返机票+3晚丽江古城内豪华客栈+泸沽湖2日游】',2699,'含广州直飞丽江往返机票+3晚丽江古城内豪华客栈+泸沽湖2日游！','2018-02-09 01:13:51','0',0,5,'img/product/small/m38c2b01f1fd85866263ebcd4cb76e29dd.jpg',NULL,NULL,NULL,NULL,NULL,NULL),(294,'丽江+香格里拉 双飞5天 半自由行套票【含广州直飞往返机票+3晚丽江豪华客栈+香格里拉2日游】',2499,'含广州直飞丽江往返机票+3晚丽江豪华客栈+香格里拉2日游！','2018-02-09 01:13:51','0',0,5,'img/product/small/m3f5bee4251593b892bb3275e6957e5c07.jpg',NULL,NULL,NULL,NULL,NULL,NULL),(295,'丽江+大理 双飞5天4晚 半自由行套票【含广州直飞往返机票+3晚丽江古城豪华型客栈+1晚洱海特色客栈+大理2天游+机场到酒店往返接送】',5599,'含广州直飞丽江往返机票+3晚丽江古城豪华型客栈+1晚洱海特色客栈+大理2天游+机场到酒店往返接送！','2018-02-09 01:13:51','0',0,5,'img/product/small/m3fbf284c91f951d6a5a071a3f02010669.jpg',NULL,NULL,NULL,NULL,NULL,NULL),(296,'三亚海棠湾喜来登度假酒店 3天2晚 自由行套票【含2晚园景房+每日中西式自助早餐】',1099,'含2晚三亚海棠湾喜来登度假酒店园景房+每日中西式自助早餐！','2018-02-09 01:13:51','0',0,5,'img/product/small/m3a094372e25fd4b78bd9427ecda266a2a.JPG',NULL,NULL,NULL,NULL,NULL,NULL),(297,'长白山+长春 6天5晚 自由行套票【含2晚长春高级酒店+2晚长白山万达智选假日酒店+1晚长白山温泉皇冠假日酒店+长春到长白山万达往返交通+大礼包】',2799,'含2晚长春高级酒店+2晚长白山万达智选假日酒店+1晚长白山温泉皇冠假日酒店+长春到长白山万达往返交通+大礼包！','2018-02-09 01:13:51','0',0,5,'img/product/small/m3fa508d84cd1f43ec2a91eed76e084297.jpg',NULL,NULL,NULL,NULL,NULL,NULL),(298,'上海浦东 康桥大酒店 精品房（含早）',115,'上海康桥大酒店，28年温馨品质，新装升级，集住宿餐饮为一身，丰富东海小海鲜每日直达。','2018-02-09 01:13:51','0',0,5,'img/product/small/m305540886e77a92c50cac8862dfcac2a9.jpg',NULL,NULL,NULL,NULL,NULL,NULL),(299,'三亚锦江宝宏酒店 3天2晚 自由行套票【含2晚主楼标准房+每日中西式自助早餐】',439,'含2晚三亚锦江宝宏酒店主楼标准房+每日中西式自助早餐！','2018-02-09 01:13:51','0',0,5,'img/product/small/m3cc0ae9ebf1a693d03ec69d94a5b79a75.jpg',NULL,NULL,NULL,NULL,NULL,NULL),(300,'阳朔喆啡酒店（田园店） 3天2晚 自由行套票【含2晚标准房+天籁·蝴蝶泉门票】',249,'含2晚喆啡酒店标准房+天籁·蝴蝶泉门票！','2018-02-09 01:13:51','0',0,5,'img/product/small/m399c4e65d810fd27f462e8807684711de.jpg',NULL,NULL,NULL,NULL,NULL,NULL),(301,'【卢浮宫】巴黎卢浮宫作为世界四大博物馆之一，馆藏多达40万件，可谓是万宝之宫',118,'这里的镇馆三宝是世人皆知的《米洛的维纳斯》、《蒙娜丽莎》和《胜利女神》。','2020-3-19 2:2:30','0',100,4,'img/product/small/lfugong1.png','3-8小时','33-1-40205050','地铁：乘坐1或7号线至Palais-Royal-musée du Louvre站；','成年人：15欧元 ;未成年人：免费 ','09:00-18:00；停止入场时间:17:30 ( 周一,周四,周六-周日)09:00-21:45；停止入场时间:21:30 (周三,周五)不对外开放 ( 周二)','卢浮宫博物馆始建于1204年，这座城堡经历多次扩建，在法国大革命后改为博物馆，与伦敦大英博物馆、纽约大都会博物馆并称为世界三大博物馆。如今卢浮宫博物馆馆藏多达40万件，展品跨度1500多年之久，古希腊、古罗马、古埃及等文明瑰宝在这里华美呈现，可谓是神秘的万宝之宫，电影《卢浮魅影》《达·芬奇密码》还曾在此取景。可以看到享有盛名的镇馆之宝以及那些名声不甚远播但魅力丝毫不逊的经典之作。'),(302,'【卢浮宫】素有巴黎城市地标之一的埃菲尔铁塔是一座位于法国巴黎战神广场的铁制镂空塔，是巴黎较高的建筑物，也是法国的文化象征。',236,'铁塔建造之初是为了迎接世界博览会及纪念法国大革命100周年。铁塔以设计师法国知名建筑工程师的名字命名','2020-3-19 2:3:30','0',301,4,'img/product/small/aifeier1.jpeg','1-3小时','33-8-92701239','公交车：42路至Tour Eiffel站；69、82、87路至Champ de Mars站\n地铁：地铁6线至BirHakeim站；RER C线至Champ de Mars站；地铁9线至Trocadéro站','成人16.3欧元；儿童4.1欧元','09:00-次日00:45(电梯),09:00-次日00:45(楼梯) (04月12日-05月04日,06月14日-08月31日 周一-周日)\n09:30-23:45(电梯),09:30-18:30(楼梯) (09月01日-次年04月11日,05月05日-06月13日 周一-周日)','埃菲尔铁塔是1889年巴黎世博会及纪念法国大革命100周年的产物，也是如今巴黎的地标和最高的建筑物。铁塔白天铁塔结构分明，晚上探照灯和灯泡会制造闪烁的效果，从夜幕降临起至凌晨1:00。第一层眺望台面积最大，设有会议厅、电影厅、餐厅、商店等各种服务设施。每年7月14日法国国庆节可前往铁塔下方的战神广场欣赏音乐会，观看国庆烟火。'),(303,'【塞纳河】漫游巴黎，浪漫的塞纳河',74,'塞纳河是流经巴黎市中心的法国第二大河，很多著名的文物建筑都围绕在塞纳河的两岸。','2020-3-19 2:3:30','0',112,4,'img/product/small/sainahe1.jpeg','1-3小时','','乘坐RER C线至Pont de l\'Alma站下后步行约8分钟，或至Champ de Mars站下后步行约12分钟，可前往Bateaux Parisiens码头。乘坐地铁9号线至Alma-Marceau站下后步行约5分钟，可前往Bateaux-Mouches码头。','免费','全天','塞纳河是流经巴黎市中心的法国第二大河，很多著名的文物建筑都围绕在塞纳河的两岸。北岸称为右岸，是巴黎的商圈与政治中心；南岸称为左岸，有著名的咖啡店及拉丁区，充满文艺气息。塞纳河上架着众多的桥梁，其中最壮观、最金碧辉煌的是亚历山大三世桥。塞纳河中心段河堤被列入世界遗产名录，西岱岛就坐落在塞纳河中，岛上是著名的巴黎圣母院。'),(304,'【卢森堡公园】卢森堡公园，巴黎一颗璀璨的明珠。对巴黎人还是外来游客来说，卢森堡公园都是必不可少的游玩之地。',10,'公园位于巴黎第六区，拉丁区的中央，是巴黎市内最大的公园。现今所看到的公园是经过扩建及整修，风貌宜人。园中丰富的巴黎生活艺术和自然景色交相辉映，艺术、运动、休闲和娱乐活动相辅相成。','2020-3-19 2:3:40','0',123,4,'img/product/small/lusenbao1.jpeg','2-5小时','33-1-42643339','地铁4号线、10号线至odreon站  ；RER B线至Luxembourg站','免费','开门时间7:30-8:15不等，关门时间16:30-21:30不等。季节而定','公园最知名的景点就是位于花园最背面的卢森堡宫，现为法国参议院，宫殿西廊曾经是玛丽亚皇后的寝宫，从第五共和国开始，卢森堡宫就成为了参议院的办公场所。卢森堡宫可以说是卢森堡公园这座法式公园的点睛之笔，与之交相辉映的有美第奇皇后喷泉。\n在卢森堡宫的旁边就是卢森堡博物馆，这里定期展示各种艺术作品，还可以举行一些临时的大型艺术展会。卢森堡宫与卢森堡博物馆由Vaugirard路相连。博物馆的前面还有一个网球场，供市民使用。除了上述两个大型景点之外，公园内最值得欣赏的就是100多座雕像和雕塑作品，他们出现在公园内的各个角落。展示着希腊神话中的人物、动物以及一些像贝多芬或波德莱尔的艺术家的面目。在中央的平地上还竖立着法国诸位皇后及杰出女性的雕像。另外，你还可以看到当年法国送给美国的自由女神像原版的缩小版静静地矗立在公园的一隅。'),(305,'【罗马广场】罗马广场是位于德国的法兰克福文化、历史的象征。',10,'是法兰克福老城的中心，位于美茵河以北，也是旧市政厅的所在地。广场建于中世纪，二战时被炸毁，战后几乎全部重建，如今仍然保留着中古街道面貌的广场，与现代化的法兰克福形成了强烈对比。','2020-3-19 2:3:40','0',133,4,'img/product/small/guangchang1.jpeg','2-3小时','49-69-21234920','地铁：U4/U5至Dom/Römer站',NULL,'全天','广场的历史\n中世纪时期，罗马广场是整个法兰克福的中心广场、集市和商品交易会，政治性集会和法庭审判也都在这里举行，从意大利和法国远道而来的游客和商人络绎不绝。\n\n游人必访之地\n如今，这里是游客必访的地方，必去的景点都在附近，还有不少街头自由艺人表演。周围可看的建筑不少，有市政厅、博物馆和大教堂，东面200米就是该市的发源地法兰克福大教堂，离美茵河也近在咫尺。对于很多游客来说，罗马广场是他们到达法兰克福后第一个了解城市文化的地方。'),(306,'【柏林大教堂】德国柏林大教堂位于施普雷岛(Spreeinsel)北部，是柏林最大的教堂，曾为王室专用教堂。',10,'是柏林最大的教堂，曾为王室专用教堂。 建筑风格为巴洛克式和文艺复兴式，内饰极为华丽，白金色调为主，但只有少数房间对外开放。教堂地上建筑有4层，可容纳500人左右，地下为王室陵墓，著名的铁血宰相俾斯麦就葬于此。','2020-3-19 2:3:40','0',111,4,'img/product/small/dajiaotang1.jpeg','1-3小时','493020269152','地铁：U2/U5/U8至Alexanderplatz站；轻轨：S5/S7/S9/S75至Hackescher Markt站','成人：7欧 ;儿童：5欧','09:00-20:00；停止入场时间:19:00 (1月1日-12月31日 周一-周四)09:00-19:00；停止入场时间:18:00 (1月1日-12月31日 周五)09:00-19:00；停止入场时间:18:00 (1月1日-12月31日 周六)09:00-20:00；停止入场时间:19:00 (1月1日-12月31日 周日)','柏林大教堂位于施普雷岛(Spreeinsel)北部，是柏林最大的教堂，曾为王室专用教堂。 建筑风格为巴洛克式和文艺复兴式，内饰极为华丽，白金色调为主，但只有少数房间对外开放。教堂地上建筑有4层，可容纳500人左右，地下为王室陵墓，著名的铁血宰相俾斯麦就葬于此。 内部参观完毕后一定要登上教堂顶楼，将整个柏林尽收眼底。'),(307,'【美国】环球影城超大超酷的主题乐园。位于洛杉矶寸土寸金地带',677,'环球影城是上世纪好莱坞著名电影制片厂，如今摇身一变成为全球最大的电影主题公园，其中的影城之旅将带你亲身感受空难、洪水、爆炸等真实的电影拍摄场景，水世界、电影主题过山车等都将带你走进奇妙的虚拟世界，尽享惊险刺激。','2020-3-19 2:3:46','1',450,4,'img/product/small/haolaiwo1.jpg','0.5-1天','1-800-864-8377','乘坐红线地铁在Universal City站下车，往universal studio出口走出后上天桥，下天桥后就能看到免费接驳车shuttle，2-3分钟即可到达环球影城。','单日票:780人民币','10:00-18:00 (01月01日-12月31日 周一-周日)','位于洛杉矶寸土寸金地带，原本是好莱坞电影的拍摄片场，如今已成为一座主题乐园。好莱坞电影与先进的特效相结合，打造出极具尖端科技的世界顶级游乐设施。侏罗纪公园、木乃伊复仇过山车以及变形金刚、小黄人等4D乘骑设备，将游客带进虚拟时空中，体验惊险刺激的历程，直到游戏结束后才重返现实。最具特色的是影城之旅，观览车带领游客穿越真实的好莱坞电影拍摄场，亲身感受空难、洪水、爆炸等特殊场景的拍摄过程。乐园内每天会上演各种表演、可与随处可见的好莱坞人物合影，购买热门的周边，在环球影城中度过精彩绝伦的一天。'),(308,'【美国自由女神】自由女神像是美国国家级纪念碑',132,'矗立在哈德逊河口的自由岛上，头戴光芒四射的冠冕，高举自由火炬，手捧《独立宣言》，宏伟瞩目。','2020-3-19 2:3:47','0',223,4,'img/product/small/ziyou1.jpg','2-3小时','1 212-363-3200','从城中区出发，可搭地铁1或9线至South Ferry站，或者在4、5Bowling Green站，亦可搭M1、M2在炮台公园市下车，再乘渡轮前往自由岛。 ','成人18.5美元;儿童9美元','08:30-16:00 (1月1日-12月31日 周一-周日)','自由女神像是美国国家级纪念碑，矗立在哈德逊河口的自由岛上，头戴光芒四射的冠冕，高举自由火炬，手捧《独立宣言》，宏伟瞩目。女神全名为自由照耀世界之神，是美国的象征。是1876年法国赠送给美国独立100周年的礼物，1984年被列入世界遗产名录。自由女神像内部中空，可搭电梯直达神像头部，底座是美国移民史博物馆，记录着数百万移民漂洋过海来到美国的历史。 '),(309,'【美国加州迪士尼】迪士尼之父在加尼福尼亚州亲手打造的全球首家迪士尼乐园，汇集了世界各地迪士尼乐园的精华。',666,'由两个乐园组成，迪士尼乐园与迪士尼加州冒险乐园，可以单独买一个乐园的票，也可以买通票。','2020-3-19 2:3:48','1',557,4,'img/product/small/dishini1.jpg','1天','+1 714-781-4636','位于洛杉矶市中心东南约45公里，开车前往大约40分钟。','成人票104美元/十岁以下儿童票98美元','08:00-次日00:00(加州迪士尼主题乐园),08:00-22:00(迪士尼加州冒险乐园),07:00-次日02:00(迪士尼市中心区) (1月1日-12月31日 周一-周日)','由迪士尼之父在加尼福尼亚州亲手打造的全球首家迪士尼乐园，汇集了世界各地迪士尼乐园的精华。由两个乐园组成，迪士尼乐园与迪士尼加州冒险乐园，可以单独买一个乐园的票，也可以买通票。乐园分为五大主题园区，包括美国小镇大街、丛林冒险、拓荒者之地、幻想世界与明日世界。夜幕降临后，主城堡前会燃放烟花，非常绚丽，这里不光是孩子们的天地，也是大人们的乐园。 '),(310,'【美国时代广场】纽约时代广场，住在世界的潮流中心',10,'位于第七大道与百老汇大道交汇处，周边高楼密集，聚集无数商场和剧院，是繁盛的娱乐和购物中心。','2020-3-19 2:3:50','0',223,4,'img/product/small/shidaigz1.jpeg','2-3小时','212-768-1560','公交：乘坐公交M104路到达7 Av/w 47 St站下车即达；或乘坐公交M50路到达W 49 St/7 Av站下车向南步行两个街区','免费','全天','位于第七大道与百老汇大道交汇处，周边高楼密集，聚集无数商场和剧院，是繁盛的娱乐和购物中心。无论白天黑夜，街道两旁的霓虹广告和大屏幕都吸引着人们的眼球，播放着世界各地的广告和宣传片。这里每天约有七万人次的高密度人流，涌动着不同肤色、不同民族的行人，街头表演随处可见。广场每年最著名的活动便是新年倒计时，每到辞旧迎新之时，都会有超过50万人汇集于此，共度不眠夜。'),(311,'【东京塔】东京塔官方名称为日本电波塔，是一座是以巴黎埃菲尔铁塔为范本而建造的红白色铁塔，高332.6米，比埃菲尔铁塔高出13米。',64,'东京的标志之一，无数次出现在日剧的镜头中，塔上设有展望台，整个东京都的景色尽收眼底，天气晴好的时候可远眺富士山。','2020-3-19 2:3:48','0',368,4,'img/product/small/dongjingta1.jpeg','3小时','+81 3-3433-5111','JR山手线/京滨东北线，滨松町站北口出，出门就可以看见塔','成人票:大展望台900日元','08:00-22:00','东京塔官方名称为日本电波塔，是一座是以巴黎埃菲尔铁塔为范本而建造的红白色铁塔，高332.6米，比埃菲尔铁塔高出13米。东京的标志之一，无数次出现在日剧的镜头中，塔上设有展望台，整个东京都的景色尽收眼底，天气晴好的时候可远眺富士山。铁塔正下方建有四层的东京铁塔楼，除设置了通往展望台的出入口外，还设有东京铁塔水族馆、海贼王主题乐园以及各种纪念品小卖铺。塔身照明根据季节不同变换不同的颜色，在圣诞节等节日时会用特别的灯饰装点。'),(312,'【银座】女人的天堂。日本最具代表性的繁华商圈， 与巴黎香榭丽舍大街、纽约第五大道齐名，是世界三大繁华购物街之一。',10,'银座共有8条大街，中央大街贯通一丁目到八丁目，其中四丁目的十字路口最繁华。','2020-3-19 2:3:48','0',111,4,'img/product/small/yinzuo1.jpeg','3小时',NULL,'搭乘地铁日比谷线、丸之内线、银座线至银座站下车即到银座中心地区。','免费','全天','日本最具代表性的繁华商圈， 与巴黎香榭丽舍大街、纽约第五大道齐名，是世界三大繁华购物街之一。银座共有8条大街，中央大街贯通一丁目到八丁目，其中四丁目的十字路口最繁华。这里聚集了爱马仕、路易威登等世界顶级大牌的旗舰店以及银座三越、和光等高档百货商场等。'),(313,'【日本迪士尼】被誉为亚洲第一游乐园的东京迪士尼乐园。原汁原味Disney风格的东京迪士尼乐园更为适合',699,'如果第一次游迪士尼的话，原汁原味Disney风格的东京迪士尼乐园更为适合。','2020-3-19 2:3:48','1',894,4,'img/product/small/ridishini1.jpg','1天','+81-45-330-5211','搭乘JR京叶线、武藏野线至舞滨站。也可以从东京站八重洲的公交1号站台，直接搭乘专线巴士到达','一日票7500日元','08:00-22:00 (1月1日-12月31日 周一-周日)','东京迪士尼乐园(Tokyo Disneyland)修建于1982年，被誉为亚洲第一游乐园的东京迪士尼乐园。如果第一次游迪士尼的话，原汁原味Disney风格的东京迪士尼乐园更为适合。按照经典的美国迪士尼主题公园结构设计，主要分为世界市集、探险乐园、西部乐园、新生物区、梦幻乐园、卡通城及未来乐园7个区。7个主题区域中共有35项精彩的表演，园内的舞台及广场上，也定时会有化妆表演和趣味游行活动。东京迪士尼乐园(Tokyo Disneyland)偏重于场景主题，和一些梦幻的场景，也没有什么特别刺激的项目，对于年龄限制比较低，适合闺蜜、情侣或者亲子游。 '),(314,'【四川熊猫基地】完全模拟大熊猫野外生活环境，建有湖泊、溪流、竹林、草坪等，共饲养100 多只大熊猫',55,'大熊猫繁育科研机构，除了大熊猫，还可以看到黑颈鹤、孔雀、鹭鸶等小动物。在月亮产房，有时还可以看到刚出生得小熊猫。','2020-3-10 1:1:1','1',1011,5,'img/product/small/xiongmao.jpeg','0.5天','028-83510033','乘87、198a、198、867 路公交车在熊猫基地站下车。','成人票:55人民币/半票27人民币','07:30-18:00；停止售票时间:17:00 (1月1日-12月31日 周一-周日)','大熊猫繁育科研机构，完全模拟大熊猫野外生活环境，建有湖泊、溪流、竹林、草坪等，共饲养100 多只大熊猫。大门附近有个大熊猫博物馆，可在里面熊猫国邮政局寄出盖有熊猫邮戳的明信片，还可在电影院看有关。除了大熊猫，还可以看到黑颈鹤、孔雀、鹭鸶等小动物。在月亮产房，有时还可以看到刚出生得小熊猫。'),(315,'【玉龙雪山】中国最南的雪山，也是横断山脉的沙鲁里山南段的名山，是世界上北半球纬度最低、海拔最高的山峰。玉龙雪山在纳西族被称为“波石欧鲁”',100,'玉龙雪山是位于位于云南省丽江市玉龙纳西族自治县，是中国最南的雪山','2020-3-10 20:20：20','0',121,5,'img/product/small/yulongxueshan.jpeg','0.5-1天','028-83510033','自驾车','免费','全天','玉龙雪山是位于位于云南省丽江市玉龙纳西族自治县，是中国最南的雪山，也是横断山脉的沙鲁里山南段的名山，是世界上北半球纬度最低、海拔最高的山峰。玉龙雪山在纳西族被称为“波石欧鲁”，意为白沙的银色山岩，是纳西族及丽江各民族心目中的神山。玉龙雪山以险、秀、奇著称，主要景点有黑白水河、甘海子、云杉坪、牦牛坪、扇子陡等。其中，云杉坪，又名“情死之地”，海拔3,240米，是纳西族人心中的圣洁之地。'),(316,'【鸟巢，水立方】2008年北京奥运会标志性建筑物',30,'位于北京奥林匹克公园中心区南部，占地面积20.4万平方米，能容纳观众9万多个，于2008年6月28日落成。','','1',822,5,'img/product/small/niaochao.jpeg','0.5天','+86 10 8437 3008','乘82、207、538在北辰东路站下；','普通票:50人民币','09:00-19:00 (3月7日-10月31日 周一-周日)','鸟巢位于北京奥林匹克公园中心区南部，占地面积20.4万平方米，能容纳观众9万多个，于2008年6月28日落成。主体是由一系列钢桁架围绕碗状座席区编织而成的“鸟巢”外形，结构新颖、独特，具有很强的震撼力和视觉冲击力，充分体现了自然和谐之美。水立方位于北京奥林匹克公园内，2008年北京奥运会标志性建筑物之一，因外表酷似海水起泡而得名。内部设施有比赛大厅、多功能大厅和嬉水乐园等，2008年奥运会期间，承担了游泳、跳水、花样游泳等比赛。'),(327,'【长城】不到长城非好汉',100,'被称为“天下九塞”之一，是明长城景色中的精华，海拔高达1015米，也是居庸关的前哨。','2020-03-28 19:23:31','0',0,2,'img/test/img/3CED35782DE74AB08529AF441503CEA0.jpeg','3-8小时','010-69121383','乘坐877路公交车或S2线动车组至八达岭。','普通票:40人民币','06:30-19:00','被称为“天下九塞”之一，是明长城景色中的精华，海拔高达1015米，也是居庸关的前哨。分为南长城和北长城两部分，南长城有7处敌楼，游客相对较少，北长城有12处敌楼，比较难爬。是游览北京的必到之处，尼克松、撒切尔夫人等三百多位世界知名人士曾登上长城。是5A级景区，被联合国教科文组织列入《世界文化遗产名录》，热度仅次于天安门广场。');

/*Table structure for table `tab_route_bigimg` */

DROP TABLE IF EXISTS `tab_route_bigimg`;

CREATE TABLE `tab_route_bigimg` (
  `rgid` int(11) NOT NULL AUTO_INCREMENT,
  `rid` int(11) NOT NULL,
  `bigPic` varchar(200) NOT NULL,
  PRIMARY KEY (`rgid`),
  KEY `FK_route_bigimg` (`rid`),
  CONSTRAINT `FK_route_bigimg` FOREIGN KEY (`rid`) REFERENCES `tab_route` (`rid`)
) ENGINE=InnoDB AUTO_INCREMENT=7 DEFAULT CHARSET=utf8;

/*Data for the table `tab_route_bigimg` */

insert  into `tab_route_bigimg`(`rgid`,`rid`,`bigPic`) values (1,314,'images/DE0B11DF0EC5400E8F48C7A1FB0E449D.jpg'),(4,315,'images/banner_3.jpg'),(6,316,'images/banner_2.jpg');

/*Table structure for table `tab_route_img` */

DROP TABLE IF EXISTS `tab_route_img`;

CREATE TABLE `tab_route_img` (
  `rgid` int(11) NOT NULL AUTO_INCREMENT,
  `rid` int(11) NOT NULL,
  `bigPic` varchar(200) NOT NULL,
  `smallPic` varchar(200) DEFAULT NULL,
  PRIMARY KEY (`rgid`),
  KEY `FK_route_routeimg` (`rid`),
  CONSTRAINT `FK_route_routeimg` FOREIGN KEY (`rid`) REFERENCES `tab_route` (`rid`)
) ENGINE=InnoDB AUTO_INCREMENT=1416 DEFAULT CHARSET=utf8;

/*Data for the table `tab_route_img` */

insert  into `tab_route_img`(`rgid`,`rid`,`bigPic`,`smallPic`) values (1,1,'img/product/size4/m421d66d4446940b1c80a0092c91e75184.jpg','img/product/size2/m221d66d4446940b1c80a0092c91e75184.jpg'),(2,1,'img/product/size4/m4227f0cde1b021a77c56c1c18a8f2e7fd.jpg','img/product/size2/m2227f0cde1b021a77c56c1c18a8f2e7fd.jpg'),(3,1,'img/product/size4/m412cf97538027a813a4fb0bd6980a7fea.jpg','img/product/size2/m212cf97538027a813a4fb0bd6980a7fea.jpg'),(4,1,'img/product/size4/m47fe3031a3df75ab5e6711ae2338c18f7.jpg','img/product/size2/m27fe3031a3df75ab5e6711ae2338c18f7.jpg'),(12,6,'img/product/size4/m412cf97538027a813a4fb0bd6980a7fea.jpg','img/product/size2/m212cf97538027a813a4fb0bd6980a7fea.jpg'),(13,6,'img/product/size4/m404b69a4c8328f7d6b8d5dadef020fe07.jpg','img/product/size2/m204b69a4c8328f7d6b8d5dadef020fe07.jpg'),(14,6,'img/product/size4/m4b0c7f8ed9ff7ec21d7c9f88da639f29d.jpg','img/product/size2/m2b0c7f8ed9ff7ec21d7c9f88da639f29d.jpg'),(15,6,'img/product/size4/m470c5066e87b574c1c3faef60243053a3.jpg','img/product/size2/m270c5066e87b574c1c3faef60243053a3.jpg'),(16,7,'img/product/size4/m470365f2ea91b638695218a6df13e3819.jpg','img/product/size2/m270365f2ea91b638695218a6df13e3819.jpg'),(17,7,'img/product/size4/m40971b3d22ab37242636088780cfb8eb5.jpg','img/product/size2/m20971b3d22ab37242636088780cfb8eb5.jpg'),(18,7,'img/product/size4/m49f5c81e544230b89c9115c98a9c69d55.jpg','img/product/size2/m29f5c81e544230b89c9115c98a9c69d55.jpg'),(19,7,'img/product/size4/30e3d193d2c28770e9bd5aadd4d4f473.jpg','img/product/size2/m230e3d193d2c28770e9bd5aadd4d4f473.jpg'),(20,7,'img/product/size4/m407dfe2072837d106371e75ad134df7ff.jpg','img/product/size2/m207dfe2072837d106371e75ad134df7ff.jpg'),(25,9,'img/product/size4/m45c17b5b73d618bbdd2abe231f1307838.jpg','img/product/size2/m25c17b5b73d618bbdd2abe231f1307838.jpg'),(26,9,'img/product/size4/m44eea54c83a3d8fd60292587019dbcabe.jpg','img/product/size2/m24eea54c83a3d8fd60292587019dbcabe.jpg'),(27,9,'img/product/size4/m45c4df861ce9e612314a1eb5ac7e6a51d.jpg','img/product/size2/m25c4df861ce9e612314a1eb5ac7e6a51d.jpg'),(28,9,'img/product/size4/m4326bd67f479df1078731770a42701203.jpg','img/product/size2/m2326bd67f479df1078731770a42701203.jpg'),(29,10,'img/product/size4/3adc11d2765807c38f4ddfc5e2ee31fc.jpg','img/product/size2/m23adc11d2765807c38f4ddfc5e2ee31fc.jpg'),(30,10,'img/product/size4/7e7d96dcf1052c4cb7b749703784fd42.jpg','img/product/size2/m27e7d96dcf1052c4cb7b749703784fd42.jpg'),(31,10,'img/product/size4/m402caec5f3f80f1fc8122b6aeed2b0a16.jpg','img/product/size2/m202caec5f3f80f1fc8122b6aeed2b0a16.jpg'),(32,10,'img/product/size4/m4c9823bc50368af0fe83eff14a5587c0a.jpg','img/product/size2/m2c9823bc50368af0fe83eff14a5587c0a.jpg'),(33,10,'img/product/size4/m4e58cd1b85e778b6f57a3745037704b35.jpg','img/product/size2/m2e58cd1b85e778b6f57a3745037704b35.jpg'),(38,12,'img/product/size4/m42bdf1849b307712c4a0843b89ed83b5f.jpg','img/product/size2/m22bdf1849b307712c4a0843b89ed83b5f.jpg'),(39,12,'img/product/size4/m4f535b6065c0085e6e69d1df7337bc60c.jpg','img/product/size2/m2f535b6065c0085e6e69d1df7337bc60c.jpg'),(40,12,'img/product/size4/m4d4e24bd288c8b9ecbd81d20dbf9fe5bc.jpg','img/product/size2/m2d4e24bd288c8b9ecbd81d20dbf9fe5bc.jpg'),(41,12,'img/product/size4/m4285ab2afad8d9c78aa6f37895597a795.jpg','img/product/size2/m2285ab2afad8d9c78aa6f37895597a795.jpg'),(42,13,'img/product/size4/m4f535b6065c0085e6e69d1df7337bc60c.jpg','img/product/size2/m2f535b6065c0085e6e69d1df7337bc60c.jpg'),(43,13,'img/product/size4/m4d4e24bd288c8b9ecbd81d20dbf9fe5bc.jpg','img/product/size2/m2d4e24bd288c8b9ecbd81d20dbf9fe5bc.jpg'),(44,13,'img/product/size4/m40055cde93431912b5a767eb0b4d2f769.jpg','img/product/size2/m20055cde93431912b5a767eb0b4d2f769.jpg'),(45,13,'img/product/size4/m4958e1b9c2b8b43da1c3440b71155dc7d.jpg','img/product/size2/m2958e1b9c2b8b43da1c3440b71155dc7d.jpg'),(46,14,'img/product/size4/d62aa9f19c84f99a8b700f12824b195b.jpg','img/product/size2/m2d62aa9f19c84f99a8b700f12824b195b.jpg'),(47,14,'img/product/size4/m4d25620958f486c463412f437a5d5fd0a.jpg','img/product/size2/m2d25620958f486c463412f437a5d5fd0a.jpg'),(48,14,'img/product/size4/m4b452e26d476d3c6322cc5d10af088e21.jpg','img/product/size2/m2b452e26d476d3c6322cc5d10af088e21.jpg'),(49,14,'img/product/size4/m46abd52cb8e0a8dfae8f19ca0f1f5c193.jpg','img/product/size2/m26abd52cb8e0a8dfae8f19ca0f1f5c193.jpg'),(50,15,'img/product/size4/m45b7321df30ac79f995200ec4a2fa2202.jpg','img/product/size2/m25b7321df30ac79f995200ec4a2fa2202.jpg'),(51,15,'img/product/size4/m461767acd0d3c1379f51c3aeec34271e5.jpg','img/product/size2/m261767acd0d3c1379f51c3aeec34271e5.jpg'),(52,15,'img/product/size4/m4b73ad0712746ef03019e34fb9757401d.jpg','img/product/size2/m2b73ad0712746ef03019e34fb9757401d.jpg'),(53,15,'img/product/size4/m40cf507a9d5018c62a6eba80dda6d9dee.jpg','img/product/size2/m20cf507a9d5018c62a6eba80dda6d9dee.jpg'),(62,18,'img/product/size4/m4bc92ed09dc80f91641ea195983bf1284.jpg','img/product/size2/m2bc92ed09dc80f91641ea195983bf1284.jpg'),(63,18,'img/product/size4/m41ab5068b200aa3a61ac91e0729e65e53.jpg','img/product/size2/m21ab5068b200aa3a61ac91e0729e65e53.jpg'),(64,18,'img/product/size4/m46b8f86372e7b6264c01641e9c0c48815.jpg','img/product/size2/m26b8f86372e7b6264c01641e9c0c48815.jpg'),(65,18,'img/product/size4/m4a579364858089195e32fdded77adbba9.jpg','img/product/size2/m2a579364858089195e32fdded77adbba9.jpg'),(66,19,'img/product/size4/m4d69b0ea3165d04302cc068ac14192bd1.jpg','img/product/size2/m2d69b0ea3165d04302cc068ac14192bd1.jpg'),(67,19,'img/product/size4/m46252f2b0cae07557907bdd8482f6b4c7.jpg','img/product/size2/m26252f2b0cae07557907bdd8482f6b4c7.jpg'),(68,19,'img/product/size4/m4220493598a144aceec2e7c6ed8f69c2e.jpg','img/product/size2/m2220493598a144aceec2e7c6ed8f69c2e.jpg'),(69,19,'img/product/size4/m40aae1ff572409c9082aff495dcaaa54a.jpg','img/product/size2/m20aae1ff572409c9082aff495dcaaa54a.jpg'),(70,20,'img/product/size4/m40e5efc21e11e76fbf0e75da4b7b9d97e.jpg','img/product/size2/m20e5efc21e11e76fbf0e75da4b7b9d97e.jpg'),(71,20,'img/product/size4/m450e663b078d59efddad611d2d1bc9854.jpg','img/product/size2/m250e663b078d59efddad611d2d1bc9854.jpg'),(72,20,'img/product/size4/m45474ad3239b0dd60df7a94f92f4e7bf1.jpg','img/product/size2/m25474ad3239b0dd60df7a94f92f4e7bf1.jpg'),(73,20,'img/product/size4/m4e58cd1b85e778b6f57a3745037704b35.jpg','img/product/size2/m2e58cd1b85e778b6f57a3745037704b35.jpg'),(74,21,'img/product/size4/m40e5efc21e11e76fbf0e75da4b7b9d97e.jpg','img/product/size2/m20e5efc21e11e76fbf0e75da4b7b9d97e.jpg'),(75,21,'img/product/size4/m450e663b078d59efddad611d2d1bc9854.jpg','img/product/size2/m250e663b078d59efddad611d2d1bc9854.jpg'),(76,21,'img/product/size4/m4e58cd1b85e778b6f57a3745037704b35.jpg','img/product/size2/m2e58cd1b85e778b6f57a3745037704b35.jpg'),(77,21,'img/product/size4/m45474ad3239b0dd60df7a94f92f4e7bf1.jpg','img/product/size2/m25474ad3239b0dd60df7a94f92f4e7bf1.jpg'),(78,22,'img/product/size4/m4e58cd1b85e778b6f57a3745037704b35.jpg','img/product/size2/m2e58cd1b85e778b6f57a3745037704b35.jpg'),(79,22,'img/product/size4/m45474ad3239b0dd60df7a94f92f4e7bf1.jpg','img/product/size2/m25474ad3239b0dd60df7a94f92f4e7bf1.jpg'),(80,22,'img/product/size4/m4501326413840ce82b9ba14db3a3a5eea.jpg','img/product/size2/m2501326413840ce82b9ba14db3a3a5eea.jpg'),(81,22,'img/product/size4/m4e2bca5a2135d82d87406d4c997ab21a0.jpg','img/product/size2/m2e2bca5a2135d82d87406d4c997ab21a0.jpg'),(82,23,'img/product/size4/5b95dd85d2fe9fe53f743e618f67d891.jpg','img/product/size2/m25b95dd85d2fe9fe53f743e618f67d891.jpg'),(83,23,'img/product/size4/5b214cac251e1ae9f68a12c2a1f36112.jpg','img/product/size2/m25b214cac251e1ae9f68a12c2a1f36112.jpg'),(84,23,'img/product/size4/m45e4549cdf1b96bef888ef3fb4270bb21.jpg','img/product/size2/m25e4549cdf1b96bef888ef3fb4270bb21.jpg'),(85,23,'img/product/size4/m48232a6e4e062af0e628523bcf8ed7125.jpg','img/product/size2/m28232a6e4e062af0e628523bcf8ed7125.jpg'),(86,24,'img/product/size4/m4ce75dde0868132a5b0e2b303b9e5dd0c.jpg','img/product/size2/m2ce75dde0868132a5b0e2b303b9e5dd0c.jpg'),(87,24,'img/product/size4/m4656f02f1a15798b571d8c9a30a7c7d11.jpg','img/product/size2/m2656f02f1a15798b571d8c9a30a7c7d11.jpg'),(88,24,'img/product/size4/m4f0cfa8e71eeab4c1ed27d3516222323a.jpg','img/product/size2/m2f0cfa8e71eeab4c1ed27d3516222323a.jpg'),(89,24,'img/product/size4/m48232a6e4e062af0e628523bcf8ed7125.jpg','img/product/size2/m28232a6e4e062af0e628523bcf8ed7125.jpg'),(90,25,'img/product/size4/m414549366a107832bbe32fe3bd10ee721.jpg','img/product/size2/m214549366a107832bbe32fe3bd10ee721.jpg'),(91,25,'img/product/size4/m479570c015cfce5df6f5c04f964e6e1fa.jpg','img/product/size2/m279570c015cfce5df6f5c04f964e6e1fa.jpg'),(92,25,'img/product/size4/m4fb30aa13253ab3bb2c906660c06c0771.jpg','img/product/size2/m2fb30aa13253ab3bb2c906660c06c0771.jpg'),(93,25,'img/product/size4/m4b24609106b696fe291840ed0e24a4fb7.jpg','img/product/size2/m2b24609106b696fe291840ed0e24a4fb7.jpg'),(94,25,'img/product/size4/m40971b3d22ab37242636088780cfb8eb5.jpg','img/product/size2/m20971b3d22ab37242636088780cfb8eb5.jpg'),(95,26,'img/product/size4/m4606a5822815d9079cb2182d0930e483b.jpg','img/product/size2/m2606a5822815d9079cb2182d0930e483b.jpg'),(96,26,'img/product/size4/m46e4a93743a0d22a76d89c6b99efa23a1.jpg','img/product/size2/m26e4a93743a0d22a76d89c6b99efa23a1.jpg'),(97,26,'img/product/size4/m4d8e823f3517dcfcb6bc7e041eb4c6ab2.jpg','img/product/size2/m2d8e823f3517dcfcb6bc7e041eb4c6ab2.jpg'),(98,26,'img/product/size4/m459be5cdd9c93127889c0e4a01aa3151f.jpg','img/product/size2/m259be5cdd9c93127889c0e4a01aa3151f.jpg'),(99,27,'img/product/size4/m41a859d88bf2940f2540bf4ce93545eea.jpg','img/product/size2/m21a859d88bf2940f2540bf4ce93545eea.jpg'),(100,27,'img/product/size4/m4ef702190f1c51354db5b9e754573428b.jpg','img/product/size2/m2ef702190f1c51354db5b9e754573428b.jpg'),(101,27,'img/product/size4/m4893589aa9911e29e85df2f0e13569406.jpg','img/product/size2/m2893589aa9911e29e85df2f0e13569406.jpg'),(102,27,'img/product/size4/m4709aa05d3efb7e9a1be5ffa6560f18c0.jpg','img/product/size2/m2709aa05d3efb7e9a1be5ffa6560f18c0.jpg'),(103,28,'img/product/size4/m41baca2c10aeda9fbb13bc14e0411a9ec.jpg','img/product/size2/m21baca2c10aeda9fbb13bc14e0411a9ec.jpg'),(104,28,'img/product/size4/m4420d7f66c7aec9d0cf5c2654aa973f8c.jpg','img/product/size2/m2420d7f66c7aec9d0cf5c2654aa973f8c.jpg'),(105,28,'img/product/size4/m4084767bd581b81be5170a5f562f8e1c7.jpg','img/product/size2/m2084767bd581b81be5170a5f562f8e1c7.jpg'),(106,28,'img/product/size4/m41ce39524c56ba38c2833529f34d205fb.jpg','img/product/size2/m21ce39524c56ba38c2833529f34d205fb.jpg'),(107,29,'img/product/size4/m4893589aa9911e29e85df2f0e13569406.jpg','img/product/size2/m2893589aa9911e29e85df2f0e13569406.jpg'),(108,29,'img/product/size4/m4884fe7f47d6ea05bc3bfd1b96e920f26.jpg','img/product/size2/m2884fe7f47d6ea05bc3bfd1b96e920f26.jpg'),(109,29,'img/product/size4/m4ef702190f1c51354db5b9e754573428b.jpg','img/product/size2/m2ef702190f1c51354db5b9e754573428b.jpg'),(110,29,'img/product/size4/m4cfa8355222bddde5a05ce589a602079f.jpg','img/product/size2/m2cfa8355222bddde5a05ce589a602079f.jpg'),(111,30,'img/product/size4/m49428c374b8f8debe994cfbff6de4a3db.jpg','img/product/size2/m29428c374b8f8debe994cfbff6de4a3db.jpg'),(112,30,'img/product/size4/m424c5af15cf5e02bdf68873e4d485a182.jpg','img/product/size2/m224c5af15cf5e02bdf68873e4d485a182.jpg'),(113,30,'img/product/size4/m449baf8219aca81648fa94e66ca09014e.jpg','img/product/size2/m249baf8219aca81648fa94e66ca09014e.jpg'),(114,30,'img/product/size4/m43a4a9104d68e57ab9e0b0fbbc624a156.jpg','img/product/size2/m23a4a9104d68e57ab9e0b0fbbc624a156.jpg'),(115,30,'img/product/size4/m4c8c538f186ae63fed44460e32441bb74.jpg','img/product/size2/m2c8c538f186ae63fed44460e32441bb74.jpg'),(612,151,'img/product/size4/m4a74265f502594009829cb41e17db56ac.jpg','img/product/size2/m2a74265f502594009829cb41e17db56ac.jpg'),(613,151,'img/product/size4/m4d283063b783a4c89670c3f6f68877e8f.jpg','img/product/size2/m2d283063b783a4c89670c3f6f68877e8f.jpg'),(614,151,'img/product/size4/m4a83f43dab8c480f4e046f3e64c16fdaf.jpg','img/product/size2/m2a83f43dab8c480f4e046f3e64c16fdaf.jpg'),(615,151,'img/product/size4/m45f2bebadf1ca01e9407ecffd3bf8f5ef.jpg','img/product/size2/m25f2bebadf1ca01e9407ecffd3bf8f5ef.jpg'),(616,152,'img/product/size4/m4e0ae96391037c6e86742c2d8f097bf19.jpg','img/product/size2/m2e0ae96391037c6e86742c2d8f097bf19.jpg'),(617,152,'img/product/size4/m4a74265f502594009829cb41e17db56ac.jpg','img/product/size2/m2a74265f502594009829cb41e17db56ac.jpg'),(618,152,'img/product/size4/m4a3512b8e25ee21a6a520e853538d6259.jpg','img/product/size2/m2a3512b8e25ee21a6a520e853538d6259.jpg'),(619,152,'img/product/size4/m4fb1c4d6eccba00b7da082b4f791f8632.jpg','img/product/size2/m2fb1c4d6eccba00b7da082b4f791f8632.jpg'),(620,153,'img/product/size4/ff685ee57ff012eeb172c18df7795db7.jpg','img/product/size2/m2ff685ee57ff012eeb172c18df7795db7.jpg'),(621,153,'img/product/size4/6541d35196dfe723578d8a96b9bb04ff.jpg','img/product/size2/m26541d35196dfe723578d8a96b9bb04ff.jpg'),(622,153,'img/product/size4/m46e65da7aaabb0e8e29ddd56f9f79cbe8.jpg','img/product/size2/m26e65da7aaabb0e8e29ddd56f9f79cbe8.jpg'),(623,153,'img/product/size4/m4c9c87a1175252d187eb8c4bc228c317d.jpg','img/product/size2/m2c9c87a1175252d187eb8c4bc228c317d.jpg'),(624,154,'img/product/size4/m47a2af301a56ba722ffae8ae2a666e263.jpg','img/product/size2/m27a2af301a56ba722ffae8ae2a666e263.jpg'),(625,154,'img/product/size4/m491ef27749fd523c757403de0a5d033d5.jpg','img/product/size2/m291ef27749fd523c757403de0a5d033d5.jpg'),(626,154,'img/product/size4/m4335c21520ae161be10e69abc0e7bd36e.jpg','img/product/size2/m2335c21520ae161be10e69abc0e7bd36e.jpg'),(627,154,'img/product/size4/m4b4d19539864a93b01c7803edb6b916a0.jpg','img/product/size2/m2b4d19539864a93b01c7803edb6b916a0.jpg'),(632,156,'img/product/size4/m4779b5ee17cc9ec56b24c3aa3c8b691fc.jpg','img/product/size2/m2779b5ee17cc9ec56b24c3aa3c8b691fc.jpg'),(633,156,'img/product/size4/m4fb1c4d6eccba00b7da082b4f791f8632.jpg','img/product/size2/m2fb1c4d6eccba00b7da082b4f791f8632.jpg'),(634,156,'img/product/size4/m44889f03dfae0c0b888514b1db7ba4043.jpg','img/product/size2/m24889f03dfae0c0b888514b1db7ba4043.jpg'),(635,156,'img/product/size4/m4d8d87e66be5701684c500afb35d10aac.jpg','img/product/size2/m2d8d87e66be5701684c500afb35d10aac.jpg'),(636,157,'img/product/size4/1a276fb64f35d765c941aade4e436e2d.jpg','img/product/size2/m21a276fb64f35d765c941aade4e436e2d.jpg'),(637,157,'img/product/size4/da261c8b05a2b8f6d7c4026fbd8fadfa.jpg','img/product/size2/m2da261c8b05a2b8f6d7c4026fbd8fadfa.jpg'),(638,157,'img/product/size4/m426be04995683d2307960e9e90c1c9fa8.jpg','img/product/size2/m226be04995683d2307960e9e90c1c9fa8.jpg'),(639,157,'img/product/size4/m480a45adfab378a9d436cda05c1f07233.jpg','img/product/size2/m280a45adfab378a9d436cda05c1f07233.jpg'),(640,158,'img/product/size4/m45f9baff92107d376e0a974a098faa4e9.jpg','img/product/size2/m25f9baff92107d376e0a974a098faa4e9.jpg'),(641,158,'img/product/size4/m46491998889e9597f0e7753beea037ae3.jpg','img/product/size2/m26491998889e9597f0e7753beea037ae3.jpg'),(642,158,'img/product/size4/m4d5d79457cd1f3c2b54a10994d7d9dc08.jpg','img/product/size2/m2d5d79457cd1f3c2b54a10994d7d9dc08.jpg'),(643,158,'img/product/size4/m4017784848ae0091547160f77e682d9d8.jpg','img/product/size2/m2017784848ae0091547160f77e682d9d8.jpg'),(644,159,'img/product/size4/m46491998889e9597f0e7753beea037ae3.jpg','img/product/size2/m26491998889e9597f0e7753beea037ae3.jpg'),(645,159,'img/product/size4/m4d5d79457cd1f3c2b54a10994d7d9dc08.jpg','img/product/size2/m2d5d79457cd1f3c2b54a10994d7d9dc08.jpg'),(646,159,'img/product/size4/m4dc9c4b1dba687877139d33a3e4ba57f8.jpg','img/product/size2/m2dc9c4b1dba687877139d33a3e4ba57f8.jpg'),(647,159,'img/product/size4/m470365f2ea91b638695218a6df13e3819.jpg','img/product/size2/m270365f2ea91b638695218a6df13e3819.jpg'),(648,160,'img/product/size4/m43f0d22d87eee526e0c25384f78654b05.jpg','img/product/size2/m23f0d22d87eee526e0c25384f78654b05.jpg'),(649,160,'img/product/size4/m4ff326efd9acdfc990750f80e56bbe4fd.jpg','img/product/size2/m2ff326efd9acdfc990750f80e56bbe4fd.jpg'),(650,160,'img/product/size4/m4325c5f4e4001031357e6aabf670f75b2.jpg','img/product/size2/m2325c5f4e4001031357e6aabf670f75b2.jpg'),(651,160,'img/product/size4/m4fb30aa13253ab3bb2c906660c06c0771.jpg','img/product/size2/m2fb30aa13253ab3bb2c906660c06c0771.jpg'),(652,161,'img/product/size4/m46e65da7aaabb0e8e29ddd56f9f79cbe8.jpg','img/product/size2/m26e65da7aaabb0e8e29ddd56f9f79cbe8.jpg'),(653,161,'img/product/size4/m4d07a3e37145d623e59f4e4e33544ce2f.jpg','img/product/size2/m2d07a3e37145d623e59f4e4e33544ce2f.jpg'),(654,161,'img/product/size4/m424c5af15cf5e02bdf68873e4d485a182.jpg','img/product/size2/m224c5af15cf5e02bdf68873e4d485a182.jpg'),(655,161,'img/product/size4/m4c9c87a1175252d187eb8c4bc228c317d.jpg','img/product/size2/m2c9c87a1175252d187eb8c4bc228c317d.jpg'),(656,162,'img/product/size4/da261c8b05a2b8f6d7c4026fbd8fadfa.jpg','img/product/size2/m2da261c8b05a2b8f6d7c4026fbd8fadfa.jpg'),(657,162,'img/product/size4/9b9dd85f6e87d2cd8ff88b1ef756ae2b.jpg','img/product/size2/m29b9dd85f6e87d2cd8ff88b1ef756ae2b.jpg'),(658,162,'img/product/size4/d646a80ef65f049771755acb0dbb7605.jpg','img/product/size2/m2d646a80ef65f049771755acb0dbb7605.jpg'),(659,162,'img/product/size4/m426be04995683d2307960e9e90c1c9fa8.jpg','img/product/size2/m226be04995683d2307960e9e90c1c9fa8.jpg'),(660,163,'img/product/size4/m4e8b8aa883ca76d6ce13facba77533784.jpg','img/product/size2/m2e8b8aa883ca76d6ce13facba77533784.jpg'),(661,163,'img/product/size4/m4f15936372dc3462d335b0e4ae95ef10b.jpg','img/product/size2/m2f15936372dc3462d335b0e4ae95ef10b.jpg'),(662,163,'img/product/size4/m46f07d9da29755ca0c9fe58e2fb239fa8.jpg','img/product/size2/m26f07d9da29755ca0c9fe58e2fb239fa8.jpg'),(663,163,'img/product/size4/m4d5d79457cd1f3c2b54a10994d7d9dc08.jpg','img/product/size2/m2d5d79457cd1f3c2b54a10994d7d9dc08.jpg'),(664,164,'img/product/size4/m40425fcc7f1b2f1b7c40cfe29e3d0b1a1.jpg','img/product/size2/m20425fcc7f1b2f1b7c40cfe29e3d0b1a1.jpg'),(665,164,'img/product/size4/m4191917c5134ef3cccc7e00e92203454c.jpg','img/product/size2/m2191917c5134ef3cccc7e00e92203454c.jpg'),(666,164,'img/product/size4/m486b0e214cac64a12e1930cfb201e6333.jpg','img/product/size2/m286b0e214cac64a12e1930cfb201e6333.jpg'),(667,164,'img/product/size4/m470365f2ea91b638695218a6df13e3819.jpg','img/product/size2/m270365f2ea91b638695218a6df13e3819.jpg'),(668,165,'img/product/size4/m404b69a4c8328f7d6b8d5dadef020fe07.jpg','img/product/size2/m204b69a4c8328f7d6b8d5dadef020fe07.jpg'),(669,165,'img/product/size4/m470c5066e87b574c1c3faef60243053a3.jpg','img/product/size2/m270c5066e87b574c1c3faef60243053a3.jpg'),(670,165,'img/product/size4/m420a290511c83e3705e65ff490ca23c42.jpg','img/product/size2/m220a290511c83e3705e65ff490ca23c42.jpg'),(671,166,'img/product/size4/m4a74265f502594009829cb41e17db56ac.jpg','img/product/size2/m2a74265f502594009829cb41e17db56ac.jpg'),(672,166,'img/product/size4/m4fde4e5c0a5ee7362fcb2d9767a607340.jpg','img/product/size2/m2fde4e5c0a5ee7362fcb2d9767a607340.jpg'),(673,166,'img/product/size4/m4a83f43dab8c480f4e046f3e64c16fdaf.jpg','img/product/size2/m2a83f43dab8c480f4e046f3e64c16fdaf.jpg'),(674,166,'img/product/size4/m45f2bebadf1ca01e9407ecffd3bf8f5ef.jpg','img/product/size2/m25f2bebadf1ca01e9407ecffd3bf8f5ef.jpg'),(675,167,'img/product/size4/m4a93c305bc6c9c74acee9e566ec40c765.jpg','img/product/size2/m2a93c305bc6c9c74acee9e566ec40c765.jpg'),(676,167,'img/product/size4/m488113a2e0566b2d86acb9aea00165606.jpg','img/product/size2/m288113a2e0566b2d86acb9aea00165606.jpg'),(677,167,'img/product/size4/m413e7dd333f562f2830ba00744d4f4a77.jpg','img/product/size2/m213e7dd333f562f2830ba00744d4f4a77.jpg'),(678,167,'img/product/size4/m45dc9656353291d916b49c6ed1ff016a1.jpg','img/product/size2/m25dc9656353291d916b49c6ed1ff016a1.jpg'),(679,168,'img/product/size4/m47d8d151694fd4efe55f6fc82fff568b0.jpg','img/product/size2/m27d8d151694fd4efe55f6fc82fff568b0.jpg'),(680,168,'img/product/size4/m41827c9b3257e86f5359a54da9e2cab2c.jpg','img/product/size2/m21827c9b3257e86f5359a54da9e2cab2c.jpg'),(681,168,'img/product/size4/m422e835000a086328e8de69b5fd9f68ee.jpg','img/product/size2/m222e835000a086328e8de69b5fd9f68ee.jpg'),(682,168,'img/product/size4/m4644acd7c62100dc4cbe9247a0a8d4efe.jpg','img/product/size2/m2644acd7c62100dc4cbe9247a0a8d4efe.jpg'),(683,169,'img/product/size4/e82ac48b3219c91935ba7cd4a8d28915.jpg','img/product/size2/m2e82ac48b3219c91935ba7cd4a8d28915.jpg'),(684,169,'img/product/size4/m4c179019deefbd3136633bd452ff75b9d.jpg','img/product/size2/m2c179019deefbd3136633bd452ff75b9d.jpg'),(685,169,'img/product/size4/m46e4a93743a0d22a76d89c6b99efa23a1.jpg','img/product/size2/m26e4a93743a0d22a76d89c6b99efa23a1.jpg'),(686,169,'img/product/size4/m4606a5822815d9079cb2182d0930e483b.jpg','img/product/size2/m2606a5822815d9079cb2182d0930e483b.jpg'),(687,170,'img/product/size4/m4226fcadb40322a94999d5e30a79cbfad.jpg','img/product/size2/m2226fcadb40322a94999d5e30a79cbfad.jpg'),(688,170,'img/product/size4/m4f42939e7991367d0120c7e49fdefeaa9.jpg','img/product/size2/m2f42939e7991367d0120c7e49fdefeaa9.jpg'),(689,170,'img/product/size4/m41827c9b3257e86f5359a54da9e2cab2c.jpg','img/product/size2/m21827c9b3257e86f5359a54da9e2cab2c.jpg'),(690,170,'img/product/size4/m4f03be047d8367a5e359f276bc4be3f94.jpg','img/product/size2/m2f03be047d8367a5e359f276bc4be3f94.jpg'),(691,171,'img/product/size4/m46491998889e9597f0e7753beea037ae3.jpg','img/product/size2/m26491998889e9597f0e7753beea037ae3.jpg'),(692,171,'img/product/size4/m4bf14f8464a1b270d90fbf7a3a923fe8f.jpg','img/product/size2/m2bf14f8464a1b270d90fbf7a3a923fe8f.jpg'),(693,171,'img/product/size4/m4fb30aa13253ab3bb2c906660c06c0771.jpg','img/product/size2/m2fb30aa13253ab3bb2c906660c06c0771.jpg'),(694,171,'img/product/size4/m494bad64880e2034fcbcb63c18af41f18.jpg','img/product/size2/m294bad64880e2034fcbcb63c18af41f18.jpg'),(695,172,'img/product/size4/m438ae773db1e11d79ce47e52509ecfd1c.jpg','img/product/size2/m238ae773db1e11d79ce47e52509ecfd1c.jpg'),(696,172,'img/product/size4/m4fc02956700d9cf11ee1d6dbd9de3a518.jpg','img/product/size2/m2fc02956700d9cf11ee1d6dbd9de3a518.jpg'),(697,172,'img/product/size4/m41bb179bb190f2077ff0bafa3f46eb591.jpg','img/product/size2/m21bb179bb190f2077ff0bafa3f46eb591.jpg'),(698,172,'img/product/size4/m49c763c9ccca806ce69219413027e2549.jpg','img/product/size2/m29c763c9ccca806ce69219413027e2549.jpg'),(699,173,'img/product/size4/m4cbf47c96c3a70765eb9c90efb345f0d3.jpg','img/product/size2/m2cbf47c96c3a70765eb9c90efb345f0d3.jpg'),(700,173,'img/product/size4/m4fbf284c91f951d6a5a071a3f02010669.jpg','img/product/size2/m2fbf284c91f951d6a5a071a3f02010669.jpg'),(701,173,'img/product/size4/m42d5f7517d1f822788efbfc58ee0371a8.jpg','img/product/size2/m22d5f7517d1f822788efbfc58ee0371a8.jpg'),(702,173,'img/product/size4/m48766de42467f59f0f10b5d838ae3e3b1.jpg','img/product/size2/m28766de42467f59f0f10b5d838ae3e3b1.jpg'),(703,174,'img/product/size4/m47e6079026b2f5357598dee8bb2c1772a.jpg','img/product/size2/m27e6079026b2f5357598dee8bb2c1772a.jpg'),(704,174,'img/product/size4/m4fbf284c91f951d6a5a071a3f02010669.jpg','img/product/size2/m2fbf284c91f951d6a5a071a3f02010669.jpg'),(705,174,'img/product/size4/m47165675a4c083a54972035afd10f6066.jpg','img/product/size2/m27165675a4c083a54972035afd10f6066.jpg'),(706,174,'img/product/size4/m48bb4bcb4d9610a756c655ccb881b8629.jpg','img/product/size2/m28bb4bcb4d9610a756c655ccb881b8629.jpg'),(707,175,'img/product/size4/m41c1cb0a3273b1f298ea253cd9387a925.jpg','img/product/size2/m21c1cb0a3273b1f298ea253cd9387a925.jpg'),(708,175,'img/product/size4/m40971b3d22ab37242636088780cfb8eb5.jpg','img/product/size2/m20971b3d22ab37242636088780cfb8eb5.jpg'),(709,175,'img/product/size4/m4fb30aa13253ab3bb2c906660c06c0771.jpg','img/product/size2/m2fb30aa13253ab3bb2c906660c06c0771.jpg'),(710,175,'img/product/size4/m47e240d902d874edc5767478fb71f2e90.jpg','img/product/size2/m27e240d902d874edc5767478fb71f2e90.jpg'),(711,176,'img/product/size4/m478d9bef35484a824a3e0b12c77d3bb05.jpg','img/product/size2/m278d9bef35484a824a3e0b12c77d3bb05.jpg'),(712,176,'img/product/size4/m43cceb38a8ac2baef3349336f2b5b38c1.jpg','img/product/size2/m23cceb38a8ac2baef3349336f2b5b38c1.jpg'),(713,176,'img/product/size4/m447cc17d669c313c534ac8a9570bde7ef.jpg','img/product/size2/m247cc17d669c313c534ac8a9570bde7ef.jpg'),(714,176,'img/product/size4/m45ee7f9f9fb26784c0b98e4a9b559addc.jpg','img/product/size2/m25ee7f9f9fb26784c0b98e4a9b559addc.jpg'),(715,177,'img/product/size4/m4017784848ae0091547160f77e682d9d8.jpg','img/product/size2/m2017784848ae0091547160f77e682d9d8.jpg'),(716,177,'img/product/size4/m4dc9c4b1dba687877139d33a3e4ba57f8.jpg','img/product/size2/m2dc9c4b1dba687877139d33a3e4ba57f8.jpg'),(717,177,'img/product/size4/m46f07d9da29755ca0c9fe58e2fb239fa8.jpg','img/product/size2/m26f07d9da29755ca0c9fe58e2fb239fa8.jpg'),(718,177,'img/product/size4/m45b0189a99a63dcff2afc5b378fd87164.jpg','img/product/size2/m25b0189a99a63dcff2afc5b378fd87164.jpg'),(719,178,'img/product/size4/m4a93c305bc6c9c74acee9e566ec40c765.jpg','img/product/size2/m2a93c305bc6c9c74acee9e566ec40c765.jpg'),(720,178,'img/product/size4/m488113a2e0566b2d86acb9aea00165606.jpg','img/product/size2/m288113a2e0566b2d86acb9aea00165606.jpg'),(721,178,'img/product/size4/m413e7dd333f562f2830ba00744d4f4a77.jpg','img/product/size2/m213e7dd333f562f2830ba00744d4f4a77.jpg'),(722,178,'img/product/size4/m45dc9656353291d916b49c6ed1ff016a1.jpg','img/product/size2/m25dc9656353291d916b49c6ed1ff016a1.jpg'),(723,179,'img/product/size4/m46491998889e9597f0e7753beea037ae3.jpg','img/product/size2/m26491998889e9597f0e7753beea037ae3.jpg'),(724,179,'img/product/size4/m4bf14f8464a1b270d90fbf7a3a923fe8f.jpg','img/product/size2/m2bf14f8464a1b270d90fbf7a3a923fe8f.jpg'),(725,179,'img/product/size4/m470365f2ea91b638695218a6df13e3819.jpg','img/product/size2/m270365f2ea91b638695218a6df13e3819.jpg'),(726,179,'img/product/size4/m486b0e214cac64a12e1930cfb201e6333.jpg','img/product/size2/m286b0e214cac64a12e1930cfb201e6333.jpg'),(727,180,'img/product/size4/m4a97735f3c1f4d895c2950abbf7e758fd.jpg','img/product/size2/m2a97735f3c1f4d895c2950abbf7e758fd.jpg'),(728,180,'img/product/size4/m410f6788ab0c5cc832a227c91e131492a.jpg','img/product/size2/m210f6788ab0c5cc832a227c91e131492a.jpg'),(729,180,'img/product/size4/m4afb50e73aca4c967c7074d8c0269bcfd.jpg','img/product/size2/m2afb50e73aca4c967c7074d8c0269bcfd.jpg'),(730,180,'img/product/size4/m4a30407cc310d2b80f4035dab3e19d5ef.jpg','img/product/size2/m2a30407cc310d2b80f4035dab3e19d5ef.jpg'),(731,181,'img/product/size4/m4ab024d539778cfee109fddf4e08a31fd.jpg','img/product/size2/m2ab024d539778cfee109fddf4e08a31fd.jpg'),(732,181,'img/product/size4/m418d363b3ad3d3bf0308318d012f338a1.jpg','img/product/size2/m218d363b3ad3d3bf0308318d012f338a1.jpg'),(733,181,'img/product/size4/m4540ae74a316311404126b408ed03d731.jpg','img/product/size2/m2540ae74a316311404126b408ed03d731.jpg'),(734,181,'img/product/size4/m4617594590f1c0d20ac3bfd5b4d2726eb.jpg','img/product/size2/m2617594590f1c0d20ac3bfd5b4d2726eb.jpg'),(735,182,'img/product/size4/m4cc0ae9ebf1a693d03ec69d94a5b79a75.jpg','img/product/size2/m2cc0ae9ebf1a693d03ec69d94a5b79a75.jpg'),(736,182,'img/product/size4/m439fc97b006caec2baf3ca8ff462c0c1c.jpg','img/product/size2/m239fc97b006caec2baf3ca8ff462c0c1c.jpg'),(737,182,'img/product/size4/m49c763c9ccca806ce69219413027e2549.jpg','img/product/size2/m29c763c9ccca806ce69219413027e2549.jpg'),(738,182,'img/product/size4/m4da63f2f553717860b3605b296189b82e.jpg','img/product/size2/m2da63f2f553717860b3605b296189b82e.jpg'),(739,183,'img/product/size4/m40ecbc817325b6580154d21e2ba4945b3.jpg','img/product/size2/m20ecbc817325b6580154d21e2ba4945b3.jpg'),(740,183,'img/product/size4/m428d233cd9e2eaf0e8b68c1da6b0bb095.jpg','img/product/size2/m228d233cd9e2eaf0e8b68c1da6b0bb095.jpg'),(741,183,'img/product/size4/m45e4549cdf1b96bef888ef3fb4270bb21.jpg','img/product/size2/m25e4549cdf1b96bef888ef3fb4270bb21.jpg'),(742,183,'img/product/size4/m44ef62dfdd91768bb84b77d4bc257ddcd.jpg','img/product/size2/m24ef62dfdd91768bb84b77d4bc257ddcd.jpg'),(743,183,'img/product/size4/m4241d45e7e8ee53c88585e2ae23979ee5.jpg','img/product/size2/m2241d45e7e8ee53c88585e2ae23979ee5.jpg'),(744,184,'img/product/size4/m41827c9b3257e86f5359a54da9e2cab2c.jpg','img/product/size2/m21827c9b3257e86f5359a54da9e2cab2c.jpg'),(745,184,'img/product/size4/m4644acd7c62100dc4cbe9247a0a8d4efe.jpg','img/product/size2/m2644acd7c62100dc4cbe9247a0a8d4efe.jpg'),(746,184,'img/product/size4/m49f7d21f616436e6d795e98a43c93f8fa.jpg','img/product/size2/m29f7d21f616436e6d795e98a43c93f8fa.jpg'),(747,184,'img/product/size4/fe89654cb1d095d30a90eca1dbfd77c5.jpg','img/product/size2/m2fe89654cb1d095d30a90eca1dbfd77c5.jpg'),(748,185,'img/product/size4/m47d2a736173cabdfff1f53827955cc926.jpg','img/product/size2/m27d2a736173cabdfff1f53827955cc926.jpg'),(749,185,'img/product/size4/m4ae1f3a49daf6ff79871f6211d49e9c26.jpg','img/product/size2/m2ae1f3a49daf6ff79871f6211d49e9c26.jpg'),(750,185,'img/product/size4/m4b2c6e8fa0e92882b9362c68dfa504324.jpg','img/product/size2/m2b2c6e8fa0e92882b9362c68dfa504324.jpg'),(751,185,'img/product/size4/m46bc789f14c0c3c72b01d1c52fb4d786f.jpg','img/product/size2/m26bc789f14c0c3c72b01d1c52fb4d786f.jpg'),(752,186,'img/product/size4/m442821db51e7ff7c934a7f7afceb88364.jpg','img/product/size2/m242821db51e7ff7c934a7f7afceb88364.jpg'),(753,186,'img/product/size4/m441f0cf591f059a084ec9bdc3eff7a938.jpg','img/product/size2/m241f0cf591f059a084ec9bdc3eff7a938.jpg'),(754,186,'img/product/size4/m4190a6a9a44835daa6e510ff127e1f81e.jpg','img/product/size2/m2190a6a9a44835daa6e510ff127e1f81e.jpg'),(755,186,'img/product/size4/m493828fac91e0c068cce9a037740fb35f.jpg','img/product/size2/m293828fac91e0c068cce9a037740fb35f.jpg'),(756,187,'img/product/size4/m48afd0ac156e1c099e79dc16511b8f3b6.jpg','img/product/size2/m28afd0ac156e1c099e79dc16511b8f3b6.jpg'),(757,187,'img/product/size4/m482f1a4f592ab77e152fa9eb59d5eaee7.jpg','img/product/size2/m282f1a4f592ab77e152fa9eb59d5eaee7.jpg'),(758,187,'img/product/size4/m4fc57a9c3b08b5bb6146117d5b16c0cb0.jpg','img/product/size2/m2fc57a9c3b08b5bb6146117d5b16c0cb0.jpg'),(759,187,'img/product/size4/m4f44a47d91cb6cb8c74b4f7cd5d430152.jpg','img/product/size2/m2f44a47d91cb6cb8c74b4f7cd5d430152.jpg'),(760,188,'img/product/size4/m41ab5068b200aa3a61ac91e0729e65e53.jpg','img/product/size2/m21ab5068b200aa3a61ac91e0729e65e53.jpg'),(761,188,'img/product/size4/m4bc92ed09dc80f91641ea195983bf1284.jpg','img/product/size2/m2bc92ed09dc80f91641ea195983bf1284.jpg'),(762,188,'img/product/size4/m46b8f86372e7b6264c01641e9c0c48815.jpg','img/product/size2/m26b8f86372e7b6264c01641e9c0c48815.jpg'),(763,188,'img/product/size4/m4a579364858089195e32fdded77adbba9.jpg','img/product/size2/m2a579364858089195e32fdded77adbba9.jpg'),(764,189,'img/product/size4/m4f8fceb05373509d23444720352c903e8.jpg','img/product/size2/m2f8fceb05373509d23444720352c903e8.jpg'),(765,189,'img/product/size4/m495e78474d0fca6f3c42c19a0d221efbf.jpg','img/product/size2/m295e78474d0fca6f3c42c19a0d221efbf.jpg'),(766,189,'img/product/size4/m491ef27749fd523c757403de0a5d033d5.jpg','img/product/size2/m291ef27749fd523c757403de0a5d033d5.jpg'),(767,189,'img/product/size4/m447100bcee6d8485ee65dd3442cf624c3.jpg','img/product/size2/m247100bcee6d8485ee65dd3442cf624c3.jpg'),(768,190,'img/product/size4/m4d97f3c41f82329b7a45e67e9de2c96ca.jpg','img/product/size2/m2d97f3c41f82329b7a45e67e9de2c96ca.jpg'),(769,190,'img/product/size4/m46bc789f14c0c3c72b01d1c52fb4d786f.jpg','img/product/size2/m26bc789f14c0c3c72b01d1c52fb4d786f.jpg'),(770,190,'img/product/size4/m4e5a38453ae434a21243962988d559a78.jpg','img/product/size2/m2e5a38453ae434a21243962988d559a78.jpg'),(771,190,'img/product/size4/m4ca81e31ce4a93bb9350d968b55a9129e.jpg','img/product/size2/m2ca81e31ce4a93bb9350d968b55a9129e.jpg'),(772,191,'img/product/size4/m4ca81e31ce4a93bb9350d968b55a9129e.jpg','img/product/size2/m2ca81e31ce4a93bb9350d968b55a9129e.jpg'),(773,191,'img/product/size4/m4e5a38453ae434a21243962988d559a78.jpg','img/product/size2/m2e5a38453ae434a21243962988d559a78.jpg'),(774,191,'img/product/size4/m4ae1f3a49daf6ff79871f6211d49e9c26.jpg','img/product/size2/m2ae1f3a49daf6ff79871f6211d49e9c26.jpg'),(775,191,'img/product/size4/m47d2a736173cabdfff1f53827955cc926.jpg','img/product/size2/m27d2a736173cabdfff1f53827955cc926.jpg'),(776,192,'img/product/size4/m4ad15a67a7da74d3690cd1bcc6582d529.jpg','img/product/size2/m2ad15a67a7da74d3690cd1bcc6582d529.jpg'),(777,192,'img/product/size4/m46227cbbdc79cea94ab43c7db54e43403.jpg','img/product/size2/m26227cbbdc79cea94ab43c7db54e43403.jpg'),(778,192,'img/product/size4/m47d177e31ea6a006f32d939039ccafb8e.jpg','img/product/size2/m27d177e31ea6a006f32d939039ccafb8e.jpg'),(779,192,'img/product/size4/m459f25b76fafbca847eac3340fc37ba42.jpg','img/product/size2/m259f25b76fafbca847eac3340fc37ba42.jpg'),(780,192,'img/product/size4/m42147bf064e03b7313fe250b262d902c1.jpg','img/product/size2/m22147bf064e03b7313fe250b262d902c1.jpg'),(781,193,'img/product/size4/m4774d9019ce8f65e7823859891353d31e.jpg','img/product/size2/m2774d9019ce8f65e7823859891353d31e.jpg'),(782,193,'img/product/size4/m4a91779e64adcd291562b59dd225639b7.jpg','img/product/size2/m2a91779e64adcd291562b59dd225639b7.jpg'),(783,193,'img/product/size4/m4d97f3c41f82329b7a45e67e9de2c96ca.jpg','img/product/size2/m2d97f3c41f82329b7a45e67e9de2c96ca.jpg'),(784,193,'img/product/size4/m4b2c6e8fa0e92882b9362c68dfa504324.jpg','img/product/size2/m2b2c6e8fa0e92882b9362c68dfa504324.jpg'),(785,194,'img/product/size4/m41ab5068b200aa3a61ac91e0729e65e53.jpg','img/product/size2/m21ab5068b200aa3a61ac91e0729e65e53.jpg'),(786,194,'img/product/size4/m4bc92ed09dc80f91641ea195983bf1284.jpg','img/product/size2/m2bc92ed09dc80f91641ea195983bf1284.jpg'),(787,194,'img/product/size4/m46b8f86372e7b6264c01641e9c0c48815.jpg','img/product/size2/m26b8f86372e7b6264c01641e9c0c48815.jpg'),(788,195,'img/product/size4/m4afc3e64f7ad9d519511704c449558522.jpg','img/product/size2/m2afc3e64f7ad9d519511704c449558522.jpg'),(789,195,'img/product/size4/m419ebf7585e9734b5ca16924c8fb9ac0f.jpg','img/product/size2/m219ebf7585e9734b5ca16924c8fb9ac0f.jpg'),(790,195,'img/product/size4/m4dd46e3cac963cb45a309682c343198e3.jpg','img/product/size2/m2dd46e3cac963cb45a309682c343198e3.jpg'),(791,195,'img/product/size4/m4f3dbe3989a7e3b2ea17bd5630dbb3bef.jpg','img/product/size2/m2f3dbe3989a7e3b2ea17bd5630dbb3bef.jpg'),(792,196,'img/product/size4/m47165675a4c083a54972035afd10f6066.jpg','img/product/size2/m27165675a4c083a54972035afd10f6066.jpg'),(793,196,'img/product/size4/m4139072d6097157f978ce0372394551c3.jpg','img/product/size2/m2139072d6097157f978ce0372394551c3.jpg'),(794,196,'img/product/size4/m48bb4bcb4d9610a756c655ccb881b8629.jpg','img/product/size2/m28bb4bcb4d9610a756c655ccb881b8629.jpg'),(795,196,'img/product/size4/m48766de42467f59f0f10b5d838ae3e3b1.jpg','img/product/size2/m28766de42467f59f0f10b5d838ae3e3b1.jpg'),(796,197,'img/product/size4/m456b161499b689bf1b76daf6e9a1c8c31.jpg','img/product/size2/m256b161499b689bf1b76daf6e9a1c8c31.jpg'),(797,197,'img/product/size4/m484ee9d8432a540b153a4afd300794e76.jpg','img/product/size2/m284ee9d8432a540b153a4afd300794e76.jpg'),(798,197,'img/product/size4/m425da9a174979787845fe6c7b71e8f095.jpg','img/product/size2/m225da9a174979787845fe6c7b71e8f095.jpg'),(799,197,'img/product/size4/m43f597fe3544c9a954e9bb5020bbe2487.jpg','img/product/size2/m23f597fe3544c9a954e9bb5020bbe2487.jpg'),(800,198,'img/product/size4/m4a91779e64adcd291562b59dd225639b7.jpg','img/product/size2/m2a91779e64adcd291562b59dd225639b7.jpg'),(801,198,'img/product/size4/m44dd570b4f897d6a3196e66ad00b37f77.jpg','img/product/size2/m24dd570b4f897d6a3196e66ad00b37f77.jpg'),(802,198,'img/product/size4/m46bc789f14c0c3c72b01d1c52fb4d786f.jpg','img/product/size2/m26bc789f14c0c3c72b01d1c52fb4d786f.jpg'),(803,198,'img/product/size4/m4b2c6e8fa0e92882b9362c68dfa504324.jpg','img/product/size2/m2b2c6e8fa0e92882b9362c68dfa504324.jpg'),(804,199,'img/product/size4/m444c0df33c78aeca8a24392402b981d5e.jpg','img/product/size2/m244c0df33c78aeca8a24392402b981d5e.jpg'),(805,199,'img/product/size4/m46d9bf0bebb2f4bbce81507dc2c1527b4.jpg','img/product/size2/m26d9bf0bebb2f4bbce81507dc2c1527b4.jpg'),(806,199,'img/product/size4/m4c030ac11b62fb31537d553490597a365.jpg','img/product/size2/m2c030ac11b62fb31537d553490597a365.jpg'),(807,199,'img/product/size4/m45f63e91dbb820928bfe8dcfb1290de25.jpg','img/product/size2/m25f63e91dbb820928bfe8dcfb1290de25.jpg'),(808,199,'img/product/size4/m47482465e3b4b1668cc4840ca2a9a14c8.jpg','img/product/size2/m27482465e3b4b1668cc4840ca2a9a14c8.jpg'),(809,200,'img/product/size4/m4de663b67f7fa51bc482d40c87aea6da9.jpg','img/product/size2/m2de663b67f7fa51bc482d40c87aea6da9.jpg'),(810,200,'img/product/size4/m40002e921ca056710da8375389bc75629.jpg','img/product/size2/m20002e921ca056710da8375389bc75629.jpg'),(811,200,'img/product/size4/m458bdda3897fcf0948c73908201b33fcd.jpg','img/product/size2/m258bdda3897fcf0948c73908201b33fcd.jpg'),(812,200,'img/product/size4/m4a74265f502594009829cb41e17db56ac.jpg','img/product/size2/m2a74265f502594009829cb41e17db56ac.jpg'),(813,201,'img/product/size4/m4d07a3e37145d623e59f4e4e33544ce2f.jpg','img/product/size2/m2d07a3e37145d623e59f4e4e33544ce2f.jpg'),(814,201,'img/product/size4/m46e65da7aaabb0e8e29ddd56f9f79cbe8.jpg','img/product/size2/m26e65da7aaabb0e8e29ddd56f9f79cbe8.jpg'),(815,201,'img/product/size4/m449baf8219aca81648fa94e66ca09014e.jpg','img/product/size2/m249baf8219aca81648fa94e66ca09014e.jpg'),(816,201,'img/product/size4/m4c9c87a1175252d187eb8c4bc228c317d.jpg','img/product/size2/m2c9c87a1175252d187eb8c4bc228c317d.jpg'),(817,202,'img/product/size4/m46e65da7aaabb0e8e29ddd56f9f79cbe8.jpg','img/product/size2/m26e65da7aaabb0e8e29ddd56f9f79cbe8.jpg'),(818,202,'img/product/size4/m4bf547b49409144074b731bed6152cccb.jpg','img/product/size2/m2bf547b49409144074b731bed6152cccb.jpg'),(819,202,'img/product/size4/m43a4a9104d68e57ab9e0b0fbbc624a156.jpg','img/product/size2/m23a4a9104d68e57ab9e0b0fbbc624a156.jpg'),(820,202,'img/product/size4/m4cfe0db0f58392699bdf7585f54258d3a.jpg','img/product/size2/m2cfe0db0f58392699bdf7585f54258d3a.jpg'),(821,203,'img/product/size4/m4c179019deefbd3136633bd452ff75b9d.jpg','img/product/size2/m2c179019deefbd3136633bd452ff75b9d.jpg'),(822,203,'img/product/size4/m43723ff6a356f17b3ab88fb00e020cff8.jpg','img/product/size2/m23723ff6a356f17b3ab88fb00e020cff8.jpg'),(823,203,'img/product/size4/m45ee7f9f9fb26784c0b98e4a9b559addc.jpg','img/product/size2/m25ee7f9f9fb26784c0b98e4a9b559addc.jpg'),(824,203,'img/product/size4/m4d8e823f3517dcfcb6bc7e041eb4c6ab2.jpg','img/product/size2/m2d8e823f3517dcfcb6bc7e041eb4c6ab2.jpg'),(825,204,'img/product/size4/m4c179019deefbd3136633bd452ff75b9d.jpg','img/product/size2/m2c179019deefbd3136633bd452ff75b9d.jpg'),(826,204,'img/product/size4/m46e4a93743a0d22a76d89c6b99efa23a1.jpg','img/product/size2/m26e4a93743a0d22a76d89c6b99efa23a1.jpg'),(827,204,'img/product/size4/m43723ff6a356f17b3ab88fb00e020cff8.jpg','img/product/size2/m23723ff6a356f17b3ab88fb00e020cff8.jpg'),(828,204,'img/product/size4/m4eedfb8ee93dfc041aa9dea6f2751a0d8.jpg','img/product/size2/m2eedfb8ee93dfc041aa9dea6f2751a0d8.jpg'),(829,205,'img/product/size4/m459f25b76fafbca847eac3340fc37ba42.jpg','img/product/size2/m259f25b76fafbca847eac3340fc37ba42.jpg'),(830,205,'img/product/size4/m425da9a174979787845fe6c7b71e8f095.jpg','img/product/size2/m225da9a174979787845fe6c7b71e8f095.jpg'),(831,205,'img/product/size4/m47d177e31ea6a006f32d939039ccafb8e.jpg','img/product/size2/m27d177e31ea6a006f32d939039ccafb8e.jpg'),(832,205,'img/product/size4/m43f597fe3544c9a954e9bb5020bbe2487.jpg','img/product/size2/m23f597fe3544c9a954e9bb5020bbe2487.jpg'),(833,206,'img/product/size4/m45cac4ea07d517c54a3c6f6a84c90dc97.jpg','img/product/size2/m25cac4ea07d517c54a3c6f6a84c90dc97.jpg'),(834,206,'img/product/size4/m412cf97538027a813a4fb0bd6980a7fea.jpg','img/product/size2/m212cf97538027a813a4fb0bd6980a7fea.jpg'),(835,206,'img/product/size4/m4227f0cde1b021a77c56c1c18a8f2e7fd.jpg','img/product/size2/m2227f0cde1b021a77c56c1c18a8f2e7fd.jpg'),(836,206,'img/product/size4/m404b69a4c8328f7d6b8d5dadef020fe07.jpg','img/product/size2/m204b69a4c8328f7d6b8d5dadef020fe07.jpg'),(837,207,'img/product/size4/m4fd632783fe319c383b9fe5f15180eda5.jpg','img/product/size2/m2fd632783fe319c383b9fe5f15180eda5.jpg'),(838,207,'img/product/size4/m4b177067684cd922314415983329ef90f.jpg','img/product/size2/m2b177067684cd922314415983329ef90f.jpg'),(839,207,'img/product/size4/m40766ed6f32797b038b34970a045e592c.jpg','img/product/size2/m20766ed6f32797b038b34970a045e592c.jpg'),(840,207,'img/product/size4/m47f0841e97b579b77683abc4888e8f5e2.jpg','img/product/size2/m27f0841e97b579b77683abc4888e8f5e2.jpg'),(841,208,'img/product/size4/m417ba719d8bcaed4f6e9d0636b7b41888.jpg','img/product/size2/m217ba719d8bcaed4f6e9d0636b7b41888.jpg'),(842,208,'img/product/size4/m44fa1da1f2a787dd1bfcd2028decfcabe.jpg','img/product/size2/m24fa1da1f2a787dd1bfcd2028decfcabe.jpg'),(843,208,'img/product/size4/m41ebc70a5411b81eee96876539f44c2a0.jpg','img/product/size2/m21ebc70a5411b81eee96876539f44c2a0.jpg'),(844,208,'img/product/size4/m4598f75dc986ee9970d9ee3c37b116065.jpg','img/product/size2/m2598f75dc986ee9970d9ee3c37b116065.jpg'),(845,209,'img/product/size4/m475ea29d07ca18a36eb3476bf73ad3f61.jpg','img/product/size2/m275ea29d07ca18a36eb3476bf73ad3f61.jpg'),(846,209,'img/product/size4/m4c8c538f186ae63fed44460e32441bb74.jpg','img/product/size2/m2c8c538f186ae63fed44460e32441bb74.jpg'),(847,209,'img/product/size4/m44d11a1ccddf9b6b538944f868ebfc4af.jpg','img/product/size2/m24d11a1ccddf9b6b538944f868ebfc4af.jpg'),(848,209,'img/product/size4/m42c1d6307dc02a032fede74ece88a05cb.jpg','img/product/size2/m22c1d6307dc02a032fede74ece88a05cb.jpg'),(849,210,'img/product/size4/m40aae1ff572409c9082aff495dcaaa54a.jpg','img/product/size2/m20aae1ff572409c9082aff495dcaaa54a.jpg'),(850,210,'img/product/size4/m44d11a1ccddf9b6b538944f868ebfc4af.jpg','img/product/size2/m24d11a1ccddf9b6b538944f868ebfc4af.jpg'),(851,210,'img/product/size4/m418bd87c7aeaf9352ead021acff2ef686.jpg','img/product/size2/m218bd87c7aeaf9352ead021acff2ef686.jpg'),(852,210,'img/product/size4/m4bf547b49409144074b731bed6152cccb.jpg','img/product/size2/m2bf547b49409144074b731bed6152cccb.jpg'),(853,211,'img/product/size4/m4ab024d539778cfee109fddf4e08a31fd.jpg','img/product/size2/m2ab024d539778cfee109fddf4e08a31fd.jpg'),(854,211,'img/product/size4/m405399d357e100b320664bd4d99b0a381.jpg','img/product/size2/m205399d357e100b320664bd4d99b0a381.jpg'),(855,211,'img/product/size4/m4540ae74a316311404126b408ed03d731.jpg','img/product/size2/m2540ae74a316311404126b408ed03d731.jpg'),(856,211,'img/product/size4/m425e882eee9217e580fe73de47dd376d9.jpg','img/product/size2/m225e882eee9217e580fe73de47dd376d9.jpg'),(857,212,'img/product/size4/m4c0daa4ab1d8035f886e515c9ceaa63f1.jpg','img/product/size2/m2c0daa4ab1d8035f886e515c9ceaa63f1.jpg'),(858,212,'img/product/size4/m4af7062cd24cb520c8eae99265a9dee5e.jpg','img/product/size2/m2af7062cd24cb520c8eae99265a9dee5e.jpg'),(859,212,'img/product/size4/m40ecbc817325b6580154d21e2ba4945b3.jpg','img/product/size2/m20ecbc817325b6580154d21e2ba4945b3.jpg'),(860,212,'img/product/size4/m4474beeefccd8bcfa3687b71984012265.jpg','img/product/size2/m2474beeefccd8bcfa3687b71984012265.jpg'),(861,213,'img/product/size4/m4474beeefccd8bcfa3687b71984012265.jpg','img/product/size2/m2474beeefccd8bcfa3687b71984012265.jpg'),(862,213,'img/product/size4/5b95dd85d2fe9fe53f743e618f67d891.jpg','img/product/size2/m25b95dd85d2fe9fe53f743e618f67d891.jpg'),(863,213,'img/product/size4/m449831f96902ff1e8382bcedeb4929d5d.jpg','img/product/size2/m249831f96902ff1e8382bcedeb4929d5d.jpg'),(864,213,'img/product/size4/m444c0df33c78aeca8a24392402b981d5e.jpg','img/product/size2/m244c0df33c78aeca8a24392402b981d5e.jpg'),(865,214,'img/product/size4/m4c179019deefbd3136633bd452ff75b9d.jpg','img/product/size2/m2c179019deefbd3136633bd452ff75b9d.jpg'),(866,214,'img/product/size4/m447cc17d669c313c534ac8a9570bde7ef.jpg','img/product/size2/m247cc17d669c313c534ac8a9570bde7ef.jpg'),(867,214,'img/product/size4/m4c8571bafa0d3151e70089d6acdb9864d.jpg','img/product/size2/m2c8571bafa0d3151e70089d6acdb9864d.jpg'),(868,214,'img/product/size4/m448055bda459ec18d6ef6bbc91951db16.jpg','img/product/size2/m248055bda459ec18d6ef6bbc91951db16.jpg'),(869,215,'img/product/size4/m4b177067684cd922314415983329ef90f.jpg','img/product/size2/m2b177067684cd922314415983329ef90f.jpg'),(870,215,'img/product/size4/m44c5ad879aa37ed3b067f2adc0fabec15.jpg','img/product/size2/m24c5ad879aa37ed3b067f2adc0fabec15.jpg'),(871,215,'img/product/size4/m4695eb94226fcb0dbf590e38e3b7baa27.jpg','img/product/size2/m2695eb94226fcb0dbf590e38e3b7baa27.jpg'),(872,215,'img/product/size4/m4b8186b8fd1fcd79fd8754d020b4b151b.jpg','img/product/size2/m2b8186b8fd1fcd79fd8754d020b4b151b.jpg'),(873,216,'img/product/size4/a68de1243ad26c7e25dc5d43a0f1d5fa.jpg','img/product/size2/m2a68de1243ad26c7e25dc5d43a0f1d5fa.jpg'),(874,216,'img/product/size4/d2d0d2dc73cbd2023f4d5f5396a70205.jpg','img/product/size2/m2d2d0d2dc73cbd2023f4d5f5396a70205.jpg'),(875,216,'img/product/size4/6132c8e2c0cc2767a1b6e848cf224350.jpg','img/product/size2/m26132c8e2c0cc2767a1b6e848cf224350.jpg'),(876,216,'img/product/size4/m40c613fe0ac93858343989e2cc6827edb.jpg','img/product/size2/m20c613fe0ac93858343989e2cc6827edb.jpg'),(877,217,'img/product/size4/m44fe7a18b2375859d4e607abb7c2ae6cc.jpg','img/product/size2/m24fe7a18b2375859d4e607abb7c2ae6cc.jpg'),(878,217,'img/product/size4/m425da9a174979787845fe6c7b71e8f095.jpg','img/product/size2/m225da9a174979787845fe6c7b71e8f095.jpg'),(879,217,'img/product/size4/m437719be15fa56512c4d353ced3ac1541.jpg','img/product/size2/m237719be15fa56512c4d353ced3ac1541.jpg'),(880,217,'img/product/size4/m43f597fe3544c9a954e9bb5020bbe2487.jpg','img/product/size2/m23f597fe3544c9a954e9bb5020bbe2487.jpg'),(881,218,'img/product/size4/m484ee9d8432a540b153a4afd300794e76.jpg','img/product/size2/m284ee9d8432a540b153a4afd300794e76.jpg'),(882,218,'img/product/size4/m488ba65bbab0c6bd1a86b68cb3667c6d7.jpg','img/product/size2/m288ba65bbab0c6bd1a86b68cb3667c6d7.jpg'),(883,218,'img/product/size4/m425da9a174979787845fe6c7b71e8f095.jpg','img/product/size2/m225da9a174979787845fe6c7b71e8f095.jpg'),(884,218,'img/product/size4/m40e6aedf6e0d7e753016dd9fc9a9e93f9.jpg','img/product/size2/m20e6aedf6e0d7e753016dd9fc9a9e93f9.jpg'),(885,219,'img/product/size4/m4c8e0b59aa2be71e6057decbae24cb1ce.jpg','img/product/size2/m2c8e0b59aa2be71e6057decbae24cb1ce.jpg'),(886,219,'img/product/size4/m4f4afd75e6d53903a52962ad5c0d71d33.jpg','img/product/size2/m2f4afd75e6d53903a52962ad5c0d71d33.jpg'),(887,219,'img/product/size4/m40cf3903f9b024c2e52af7a853b0ffed9.jpg','img/product/size2/m20cf3903f9b024c2e52af7a853b0ffed9.jpg'),(888,219,'img/product/size4/m4bae4090347681f21d37692d10bf593d7.jpg','img/product/size2/m2bae4090347681f21d37692d10bf593d7.jpg'),(889,220,'img/product/size4/m4f25da4da92afb6220a8ca5dd79ba7103.jpg','img/product/size2/m2f25da4da92afb6220a8ca5dd79ba7103.jpg'),(890,220,'img/product/size4/m49236bf508334b1b5cc6524bc9eaf20d8.jpg','img/product/size2/m29236bf508334b1b5cc6524bc9eaf20d8.jpg'),(891,220,'img/product/size4/m49ee453f46eebea01eef0fbe95aa9ddd5.jpg','img/product/size2/m29ee453f46eebea01eef0fbe95aa9ddd5.jpg'),(892,220,'img/product/size4/m408398dd4ab80697799ae25605f3fbb06.jpg','img/product/size2/m208398dd4ab80697799ae25605f3fbb06.jpg'),(893,221,'img/product/size4/m42c962363cb678508de0b99aaab1de198.jpg','img/product/size2/m22c962363cb678508de0b99aaab1de198.jpg'),(894,221,'img/product/size4/m4cb94ab4f0dda8cd5ce1769e138a07971.jpg','img/product/size2/m2cb94ab4f0dda8cd5ce1769e138a07971.jpg'),(895,221,'img/product/size4/m4d69b0ea3165d04302cc068ac14192bd1.jpg','img/product/size2/m2d69b0ea3165d04302cc068ac14192bd1.jpg'),(896,221,'img/product/size4/m4a1aac6664bcc6ee35469307ccb148fc8.jpg','img/product/size2/m2a1aac6664bcc6ee35469307ccb148fc8.jpg'),(897,221,'img/product/size4/m44d11a1ccddf9b6b538944f868ebfc4af.jpg','img/product/size2/m24d11a1ccddf9b6b538944f868ebfc4af.jpg'),(898,222,'img/product/size4/m42147bf064e03b7313fe250b262d902c1.jpg','img/product/size2/m22147bf064e03b7313fe250b262d902c1.jpg'),(899,222,'img/product/size4/m488ba65bbab0c6bd1a86b68cb3667c6d7.jpg','img/product/size2/m288ba65bbab0c6bd1a86b68cb3667c6d7.jpg'),(900,222,'img/product/size4/m437719be15fa56512c4d353ced3ac1541.jpg','img/product/size2/m237719be15fa56512c4d353ced3ac1541.jpg'),(901,222,'img/product/size4/m40e6aedf6e0d7e753016dd9fc9a9e93f9.jpg','img/product/size2/m20e6aedf6e0d7e753016dd9fc9a9e93f9.jpg'),(902,223,'img/product/size4/m4cb94ab4f0dda8cd5ce1769e138a07971.jpg','img/product/size2/m2cb94ab4f0dda8cd5ce1769e138a07971.jpg'),(903,223,'img/product/size4/m4220493598a144aceec2e7c6ed8f69c2e.jpg','img/product/size2/m2220493598a144aceec2e7c6ed8f69c2e.jpg'),(904,223,'img/product/size4/m4db27d94d6932a5b40a49acb62e95d4b5.jpg','img/product/size2/m2db27d94d6932a5b40a49acb62e95d4b5.jpg'),(905,223,'img/product/size4/m40aae1ff572409c9082aff495dcaaa54a.jpg','img/product/size2/m20aae1ff572409c9082aff495dcaaa54a.jpg'),(906,224,'img/product/size4/m44d11a1ccddf9b6b538944f868ebfc4af.jpg','img/product/size2/m24d11a1ccddf9b6b538944f868ebfc4af.jpg'),(907,224,'img/product/size4/m40aae1ff572409c9082aff495dcaaa54a.jpg','img/product/size2/m20aae1ff572409c9082aff495dcaaa54a.jpg'),(908,224,'img/product/size4/m4220493598a144aceec2e7c6ed8f69c2e.jpg','img/product/size2/m2220493598a144aceec2e7c6ed8f69c2e.jpg'),(909,224,'img/product/size4/m418bd87c7aeaf9352ead021acff2ef686.jpg','img/product/size2/m218bd87c7aeaf9352ead021acff2ef686.jpg'),(910,225,'img/product/size4/m4d5684b0a84605a17b418d547ccb30431.jpg','img/product/size2/m2d5684b0a84605a17b418d547ccb30431.jpg'),(911,225,'img/product/size4/323448ad2a95ef58c1195c9e7f6a2406.jpg','img/product/size2/m2323448ad2a95ef58c1195c9e7f6a2406.jpg'),(912,226,'img/product/size4/m49db8ff93b2163506bda46a137adc0147.jpg','img/product/size2/m29db8ff93b2163506bda46a137adc0147.jpg'),(913,226,'img/product/size4/m4db2099ce53f7c419aae626159100637e.jpg','img/product/size2/m2db2099ce53f7c419aae626159100637e.jpg'),(914,226,'img/product/size4/m47b5b84bcba5907ad65b907ccc0698bd2.jpg','img/product/size2/m27b5b84bcba5907ad65b907ccc0698bd2.jpg'),(915,226,'img/product/size4/m4bfe3cfbbcb0fc5ce2b79cb022c07f2d6.jpg','img/product/size2/m2bfe3cfbbcb0fc5ce2b79cb022c07f2d6.jpg'),(916,227,'img/product/size4/m4afc3e64f7ad9d519511704c449558522.jpg','img/product/size2/m2afc3e64f7ad9d519511704c449558522.jpg'),(917,227,'img/product/size4/m4f3dbe3989a7e3b2ea17bd5630dbb3bef.jpg','img/product/size2/m2f3dbe3989a7e3b2ea17bd5630dbb3bef.jpg'),(918,227,'img/product/size4/m41b7e6805e116982076fa15ece3c515a1.jpg','img/product/size2/m21b7e6805e116982076fa15ece3c515a1.jpg'),(919,227,'img/product/size4/m4b989a3f3653eaab8d291362474e7d2b0.jpg','img/product/size2/m2b989a3f3653eaab8d291362474e7d2b0.jpg'),(920,228,'img/product/size4/m47e0bed5f73a83d4684472698191a6d1e.jpg','img/product/size2/m27e0bed5f73a83d4684472698191a6d1e.jpg'),(921,228,'img/product/size4/m4880c0d905f2b5a0211079a7d9f048314.jpg','img/product/size2/m2880c0d905f2b5a0211079a7d9f048314.jpg'),(922,228,'img/product/size4/m45f2bebadf1ca01e9407ecffd3bf8f5ef.jpg','img/product/size2/m25f2bebadf1ca01e9407ecffd3bf8f5ef.jpg'),(923,229,'img/product/size4/m458bdda3897fcf0948c73908201b33fcd.jpg','img/product/size2/m258bdda3897fcf0948c73908201b33fcd.jpg'),(924,229,'img/product/size4/m48c2b01f1fd85866263ebcd4cb76e29dd.jpg','img/product/size2/m28c2b01f1fd85866263ebcd4cb76e29dd.jpg'),(925,229,'img/product/size4/m4139072d6097157f978ce0372394551c3.jpg','img/product/size2/m2139072d6097157f978ce0372394551c3.jpg'),(926,229,'img/product/size4/m499ae8f5e64abaaa2023857379d958de5.jpg','img/product/size2/m299ae8f5e64abaaa2023857379d958de5.jpg'),(927,230,'img/product/size4/m4161a445e311fb8afa6334cd13d950a7d.jpg','img/product/size2/m2161a445e311fb8afa6334cd13d950a7d.jpg'),(928,230,'img/product/size4/m49060b0883d8a358677b8c222abcc7bae.jpg','img/product/size2/m29060b0883d8a358677b8c222abcc7bae.jpg'),(929,231,'img/product/size4/m4c0b7f553102b0dd7c23bad24045381ec.jpg','img/product/size2/m2c0b7f553102b0dd7c23bad24045381ec.jpg'),(930,231,'img/product/size4/m4e99b3ae168835b4811d450045d544c9c.jpg','img/product/size2/m2e99b3ae168835b4811d450045d544c9c.jpg'),(931,231,'img/product/size4/m441f683b7120f1694ea9cf0e251221f06.jpg','img/product/size2/m241f683b7120f1694ea9cf0e251221f06.jpg'),(932,231,'img/product/size4/m418bd87c7aeaf9352ead021acff2ef686.jpg','img/product/size2/m218bd87c7aeaf9352ead021acff2ef686.jpg'),(933,232,'img/product/size4/m4918c8f5a9c494768fbce8dc9b5fca905.jpg','img/product/size2/m2918c8f5a9c494768fbce8dc9b5fca905.jpg'),(934,232,'img/product/size4/m49ee453f46eebea01eef0fbe95aa9ddd5.jpg','img/product/size2/m29ee453f46eebea01eef0fbe95aa9ddd5.jpg'),(935,232,'img/product/size4/m4824f8d34ac79533f1eea1b48869ae356.jpg','img/product/size2/m2824f8d34ac79533f1eea1b48869ae356.jpg'),(936,233,'img/product/size4/m4983dfc0a7f5df436a070140d01cc78d0.jpg','img/product/size2/m2983dfc0a7f5df436a070140d01cc78d0.jpg'),(937,233,'img/product/size4/m4f9345433dbca738a029807b3c04061a4.jpg','img/product/size2/m2f9345433dbca738a029807b3c04061a4.jpg'),(938,233,'img/product/size4/cc18e9f07398424898dd77866df6624c.jpg','img/product/size2/m2cc18e9f07398424898dd77866df6624c.jpg'),(939,233,'img/product/size4/m4ea170da1eace118d3c266f55b67d530b.jpg','img/product/size2/m2ea170da1eace118d3c266f55b67d530b.jpg'),(940,234,'img/product/size4/m4145a0d023af6818fea166ee33880cd87.jpg','img/product/size2/m2145a0d023af6818fea166ee33880cd87.jpg'),(941,234,'img/product/size4/m429417d0ce48c867d55038ab39779fef3.jpg','img/product/size2/m229417d0ce48c867d55038ab39779fef3.jpg'),(942,234,'img/product/size4/m4a6e5b5ba8ef83b3057c1ac58cb0a51a9.jpg','img/product/size2/m2a6e5b5ba8ef83b3057c1ac58cb0a51a9.jpg'),(943,234,'img/product/size4/m4ac3a1f59ab4701eedddc04f5ec3ffe9c.jpg','img/product/size2/m2ac3a1f59ab4701eedddc04f5ec3ffe9c.jpg'),(944,235,'img/product/size4/m437209b6487f8ee9e2c11e470a89e13a8.jpg','img/product/size2/m237209b6487f8ee9e2c11e470a89e13a8.jpg'),(945,235,'img/product/size4/m429417d0ce48c867d55038ab39779fef3.jpg','img/product/size2/m229417d0ce48c867d55038ab39779fef3.jpg'),(946,235,'img/product/size4/m4e92a5813376e788457b488dc1c686499.jpg','img/product/size2/m2e92a5813376e788457b488dc1c686499.jpg'),(947,235,'img/product/size4/m4ea92816a6378ea6d6ba4c49e6fc6fbc3.jpg','img/product/size2/m2ea92816a6378ea6d6ba4c49e6fc6fbc3.jpg'),(948,236,'img/product/size4/m437209b6487f8ee9e2c11e470a89e13a8.jpg','img/product/size2/m237209b6487f8ee9e2c11e470a89e13a8.jpg'),(949,236,'img/product/size4/m4247dc54ddf6344363bc38193aaca3b81.jpg','img/product/size2/m2247dc54ddf6344363bc38193aaca3b81.jpg'),(950,236,'img/product/size4/m454cecf003a06bc072d5f88a4f07a32da.jpg','img/product/size2/m254cecf003a06bc072d5f88a4f07a32da.jpg'),(951,236,'img/product/size4/m429417d0ce48c867d55038ab39779fef3.jpg','img/product/size2/m229417d0ce48c867d55038ab39779fef3.jpg'),(952,237,'img/product/size4/m4247dc54ddf6344363bc38193aaca3b81.jpg','img/product/size2/m2247dc54ddf6344363bc38193aaca3b81.jpg'),(953,237,'img/product/size4/m454cecf003a06bc072d5f88a4f07a32da.jpg','img/product/size2/m254cecf003a06bc072d5f88a4f07a32da.jpg'),(954,237,'img/product/size4/m429417d0ce48c867d55038ab39779fef3.jpg','img/product/size2/m229417d0ce48c867d55038ab39779fef3.jpg'),(955,237,'img/product/size4/m411691a217249481ffde6287d925c647b.jpg','img/product/size2/m211691a217249481ffde6287d925c647b.jpg'),(956,238,'img/product/size4/m4a70558ab3e3d4e57ea005eb317cd18fd.jpg','img/product/size2/m2a70558ab3e3d4e57ea005eb317cd18fd.jpg'),(957,238,'img/product/size4/m40a86bc0ac9acd1233e03889c56c8879c.jpg','img/product/size2/m20a86bc0ac9acd1233e03889c56c8879c.jpg'),(958,238,'img/product/size4/m47ebba888f515503741902e619355c5a1.jpg','img/product/size2/m27ebba888f515503741902e619355c5a1.jpg'),(959,238,'img/product/size4/m4b3f923ddb50bb855305a5c60e264185a.jpg','img/product/size2/m2b3f923ddb50bb855305a5c60e264185a.jpg'),(960,239,'img/product/size4/m4a934e2426500ebc2c6849f13800cf5f6.jpg','img/product/size2/m2a934e2426500ebc2c6849f13800cf5f6.jpg'),(961,239,'img/product/size4/m4053bfcfa01270dd328400557a4206412.jpg','img/product/size2/m2053bfcfa01270dd328400557a4206412.jpg'),(962,239,'img/product/size4/8b493a7c297b913b658aaa506eca929f.jpg','img/product/size2/m28b493a7c297b913b658aaa506eca929f.jpg'),(963,239,'img/product/size4/65bb035c1b211b54c572e5aafb86d88f.jpg','img/product/size2/m265bb035c1b211b54c572e5aafb86d88f.jpg'),(964,240,'img/product/size4/m4a70558ab3e3d4e57ea005eb317cd18fd.jpg','img/product/size2/m2a70558ab3e3d4e57ea005eb317cd18fd.jpg'),(965,240,'img/product/size4/m47ebba888f515503741902e619355c5a1.jpg','img/product/size2/m27ebba888f515503741902e619355c5a1.jpg'),(966,240,'img/product/size4/m463bc5fa2b902e795e4ac5b07cbbd0d04.jpg','img/product/size2/m263bc5fa2b902e795e4ac5b07cbbd0d04.jpg'),(967,240,'img/product/size4/m4215fa33f149b8414832b064356c5527b.jpg','img/product/size2/m2215fa33f149b8414832b064356c5527b.jpg'),(968,241,'img/product/size4/m4d3b7e41457ca4476f1eb0fe76e6dcac9.jpg','img/product/size2/m2d3b7e41457ca4476f1eb0fe76e6dcac9.jpg'),(969,241,'img/product/size4/m4c158b627f8ffe891556466f7b19e4dd6.jpg','img/product/size2/m2c158b627f8ffe891556466f7b19e4dd6.jpg'),(970,241,'img/product/size4/m42c8cf23d3d471b3273c70ad29512cee6.jpg','img/product/size2/m22c8cf23d3d471b3273c70ad29512cee6.jpg'),(971,241,'img/product/size4/m45b7321df30ac79f995200ec4a2fa2202.jpg','img/product/size2/m25b7321df30ac79f995200ec4a2fa2202.jpg'),(972,242,'img/product/size4/m44548a35fb0e211ca8d666eb6dd6e433d.jpg','img/product/size2/m24548a35fb0e211ca8d666eb6dd6e433d.jpg'),(973,242,'img/product/size4/m470c5066e87b574c1c3faef60243053a3.jpg','img/product/size2/m270c5066e87b574c1c3faef60243053a3.jpg'),(974,242,'img/product/size4/m4227f0cde1b021a77c56c1c18a8f2e7fd.jpg','img/product/size2/m2227f0cde1b021a77c56c1c18a8f2e7fd.jpg'),(975,242,'img/product/size4/m4e5aaadefb3d2c090fd6b604a3ad6e561.jpg','img/product/size2/m2e5aaadefb3d2c090fd6b604a3ad6e561.jpg'),(976,243,'img/product/size4/m44b223e87d54d5d5cf8bb4355a9a58d93.jpg','img/product/size2/m24b223e87d54d5d5cf8bb4355a9a58d93.jpg'),(977,243,'img/product/size4/m49236bf508334b1b5cc6524bc9eaf20d8.jpg','img/product/size2/m29236bf508334b1b5cc6524bc9eaf20d8.jpg'),(978,243,'img/product/size4/m4f25da4da92afb6220a8ca5dd79ba7103.jpg','img/product/size2/m2f25da4da92afb6220a8ca5dd79ba7103.jpg'),(979,243,'img/product/size4/m49ee453f46eebea01eef0fbe95aa9ddd5.jpg','img/product/size2/m29ee453f46eebea01eef0fbe95aa9ddd5.jpg'),(980,244,'img/product/size4/m411691a217249481ffde6287d925c647b.jpg','img/product/size2/m211691a217249481ffde6287d925c647b.jpg'),(981,244,'img/product/size4/m476e20eb3585db8de742aa741f0309afe.jpg','img/product/size2/m276e20eb3585db8de742aa741f0309afe.jpg'),(982,244,'img/product/size4/m4718a0c8445e1d51deca91f07f8e11d5c.jpg','img/product/size2/m2718a0c8445e1d51deca91f07f8e11d5c.jpg'),(983,244,'img/product/size4/m446faeb5e91a7d89fe9f63b711f54e3f6.jpg','img/product/size2/m246faeb5e91a7d89fe9f63b711f54e3f6.jpg'),(984,244,'img/product/size4/m45cfd19f76b6135fa6e20453462b4672e.jpg','img/product/size2/m25cfd19f76b6135fa6e20453462b4672e.jpg'),(985,245,'img/product/size4/m4013b314280b1da09fae1fbb3de70d35c.jpg','img/product/size2/m2013b314280b1da09fae1fbb3de70d35c.jpg'),(986,245,'img/product/size4/m419eedc28a703d18423fef5cdac5c67e8.jpg','img/product/size2/m219eedc28a703d18423fef5cdac5c67e8.jpg'),(987,245,'img/product/size4/m446faeb5e91a7d89fe9f63b711f54e3f6.jpg','img/product/size2/m246faeb5e91a7d89fe9f63b711f54e3f6.jpg'),(988,245,'img/product/size4/m4ef0d8900561fbf6ed38863fc6024f97d.jpg','img/product/size2/m2ef0d8900561fbf6ed38863fc6024f97d.jpg'),(989,246,'img/product/size4/m4880c0d905f2b5a0211079a7d9f048314.jpg','img/product/size2/m2880c0d905f2b5a0211079a7d9f048314.jpg'),(990,246,'img/product/size4/m4c9c87a1175252d187eb8c4bc228c317d.jpg','img/product/size2/m2c9c87a1175252d187eb8c4bc228c317d.jpg'),(991,246,'img/product/size4/m4b630d9acedc5ddd1c0cdcb15dbe49d40.jpg','img/product/size2/m2b630d9acedc5ddd1c0cdcb15dbe49d40.jpg'),(992,246,'img/product/size4/m4e99b3ae168835b4811d450045d544c9c.jpg','img/product/size2/m2e99b3ae168835b4811d450045d544c9c.jpg'),(993,247,'img/product/size4/17098a81ebfb14cbf99231f2366ba904.png','img/product/size2/m217098a81ebfb14cbf99231f2366ba904.png'),(994,247,'img/product/size4/ca7779ce012cb9f8a1e2993437228a1b.png','img/product/size2/m2ca7779ce012cb9f8a1e2993437228a1b.png'),(995,247,'img/product/size4/m4b24609106b696fe291840ed0e24a4fb7.jpg','img/product/size2/m2b24609106b696fe291840ed0e24a4fb7.jpg'),(996,247,'img/product/size4/m4017784848ae0091547160f77e682d9d8.jpg','img/product/size2/m2017784848ae0091547160f77e682d9d8.jpg'),(997,248,'img/product/size4/m441f0cf591f059a084ec9bdc3eff7a938.jpg','img/product/size2/m241f0cf591f059a084ec9bdc3eff7a938.jpg'),(998,248,'img/product/size4/m442821db51e7ff7c934a7f7afceb88364.jpg','img/product/size2/m242821db51e7ff7c934a7f7afceb88364.jpg'),(999,248,'img/product/size4/m4ebcff17fe65524c427d98e811fc476a7.jpg','img/product/size2/m2ebcff17fe65524c427d98e811fc476a7.jpg'),(1000,248,'img/product/size4/m46c0ae831791eb95edb5f4f7573d83021.jpg','img/product/size2/m26c0ae831791eb95edb5f4f7573d83021.jpg'),(1001,249,'img/product/size4/m4b2c6e8fa0e92882b9362c68dfa504324.jpg','img/product/size2/m2b2c6e8fa0e92882b9362c68dfa504324.jpg'),(1002,249,'img/product/size4/m46bc789f14c0c3c72b01d1c52fb4d786f.jpg','img/product/size2/m26bc789f14c0c3c72b01d1c52fb4d786f.jpg'),(1003,249,'img/product/size4/m4d277c4162a89fec039c3b96e083ac4eb.jpg','img/product/size2/m2d277c4162a89fec039c3b96e083ac4eb.jpg'),(1004,249,'img/product/size4/m453705019f958f2c4a133bcc02319cef5.jpg','img/product/size2/m253705019f958f2c4a133bcc02319cef5.jpg'),(1005,250,'img/product/size4/m4180b564776c1e140b73f15de5f3a5312.jpg','img/product/size2/m2180b564776c1e140b73f15de5f3a5312.jpg'),(1006,250,'img/product/size4/m42154cbdb20c40ee4847223769622af17.jpg','img/product/size2/m22154cbdb20c40ee4847223769622af17.jpg'),(1007,250,'img/product/size4/m48536508e0afa0e33a461454340dafaf7.jpg','img/product/size2/m28536508e0afa0e33a461454340dafaf7.jpg'),(1008,250,'img/product/size4/m429f1f9bc257b8e73ef6ecd0a81d23f32.jpg','img/product/size2/m229f1f9bc257b8e73ef6ecd0a81d23f32.jpg'),(1009,251,'img/product/size4/m4465e6dbdbd77e48ef66862436c36d0a3.jpg','img/product/size2/m2465e6dbdbd77e48ef66862436c36d0a3.jpg'),(1010,251,'img/product/size4/m46252f2b0cae07557907bdd8482f6b4c7.jpg','img/product/size2/m26252f2b0cae07557907bdd8482f6b4c7.jpg'),(1011,251,'img/product/size4/m4d69b0ea3165d04302cc068ac14192bd1.jpg','img/product/size2/m2d69b0ea3165d04302cc068ac14192bd1.jpg'),(1012,251,'img/product/size4/m4a1aac6664bcc6ee35469307ccb148fc8.jpg','img/product/size2/m2a1aac6664bcc6ee35469307ccb148fc8.jpg'),(1013,252,'img/product/size4/m43f0d22d87eee526e0c25384f78654b05.jpg','img/product/size2/m23f0d22d87eee526e0c25384f78654b05.jpg'),(1014,252,'img/product/size4/m4569f02c6c2558d84d0d382d5927b2c0d.jpg','img/product/size2/m2569f02c6c2558d84d0d382d5927b2c0d.jpg'),(1015,252,'img/product/size4/m414549366a107832bbe32fe3bd10ee721.jpg','img/product/size2/m214549366a107832bbe32fe3bd10ee721.jpg'),(1016,252,'img/product/size4/m453e47405ee70ab11da21fc7ecffa39b3.jpg','img/product/size2/m253e47405ee70ab11da21fc7ecffa39b3.jpg'),(1017,252,'img/product/size4/m4d5d79457cd1f3c2b54a10994d7d9dc08.jpg','img/product/size2/m2d5d79457cd1f3c2b54a10994d7d9dc08.jpg'),(1018,253,'img/product/size4/m488113a2e0566b2d86acb9aea00165606.jpg','img/product/size2/m288113a2e0566b2d86acb9aea00165606.jpg'),(1019,253,'img/product/size4/m413e7dd333f562f2830ba00744d4f4a77.jpg','img/product/size2/m213e7dd333f562f2830ba00744d4f4a77.jpg'),(1020,253,'img/product/size4/m4191917c5134ef3cccc7e00e92203454c.jpg','img/product/size2/m2191917c5134ef3cccc7e00e92203454c.jpg'),(1021,253,'img/product/size4/m4fb30aa13253ab3bb2c906660c06c0771.jpg','img/product/size2/m2fb30aa13253ab3bb2c906660c06c0771.jpg'),(1022,254,'img/product/size4/m4d97f3c41f82329b7a45e67e9de2c96ca.jpg','img/product/size2/m2d97f3c41f82329b7a45e67e9de2c96ca.jpg'),(1023,254,'img/product/size4/m4b2c6e8fa0e92882b9362c68dfa504324.jpg','img/product/size2/m2b2c6e8fa0e92882b9362c68dfa504324.jpg'),(1024,254,'img/product/size4/m44dd570b4f897d6a3196e66ad00b37f77.jpg','img/product/size2/m24dd570b4f897d6a3196e66ad00b37f77.jpg'),(1025,254,'img/product/size4/m4e5a38453ae434a21243962988d559a78.jpg','img/product/size2/m2e5a38453ae434a21243962988d559a78.jpg'),(1026,255,'img/product/size4/m47d8d151694fd4efe55f6fc82fff568b0.jpg','img/product/size2/m27d8d151694fd4efe55f6fc82fff568b0.jpg'),(1027,255,'img/product/size4/m4108bf7a52d827da02b183d7fc5ce014f.jpg','img/product/size2/m2108bf7a52d827da02b183d7fc5ce014f.jpg'),(1028,255,'img/product/size4/m4f42939e7991367d0120c7e49fdefeaa9.jpg','img/product/size2/m2f42939e7991367d0120c7e49fdefeaa9.jpg'),(1029,255,'img/product/size4/m49f7d21f616436e6d795e98a43c93f8fa.jpg','img/product/size2/m29f7d21f616436e6d795e98a43c93f8fa.jpg'),(1030,256,'img/product/size4/m47ebba888f515503741902e619355c5a1.jpg','img/product/size2/m27ebba888f515503741902e619355c5a1.jpg'),(1031,256,'img/product/size4/m4a934e2426500ebc2c6849f13800cf5f6.jpg','img/product/size2/m2a934e2426500ebc2c6849f13800cf5f6.jpg'),(1032,256,'img/product/size4/m4a70558ab3e3d4e57ea005eb317cd18fd.jpg','img/product/size2/m2a70558ab3e3d4e57ea005eb317cd18fd.jpg'),(1033,256,'img/product/size4/m450346b5defdf13cacd729af60a4c3560.jpg','img/product/size2/m250346b5defdf13cacd729af60a4c3560.jpg'),(1034,257,'img/product/size4/m4053bfcfa01270dd328400557a4206412.jpg','img/product/size2/m2053bfcfa01270dd328400557a4206412.jpg'),(1035,258,'img/product/size4/m476e20eb3585db8de742aa741f0309afe.jpg','img/product/size2/m276e20eb3585db8de742aa741f0309afe.jpg'),(1036,258,'img/product/size4/m419eedc28a703d18423fef5cdac5c67e8.jpg','img/product/size2/m219eedc28a703d18423fef5cdac5c67e8.jpg'),(1037,258,'img/product/size4/m411691a217249481ffde6287d925c647b.jpg','img/product/size2/m211691a217249481ffde6287d925c647b.jpg'),(1038,258,'img/product/size4/m446faeb5e91a7d89fe9f63b711f54e3f6.jpg','img/product/size2/m246faeb5e91a7d89fe9f63b711f54e3f6.jpg'),(1039,259,'img/product/size4/m491ef27749fd523c757403de0a5d033d5.jpg','img/product/size2/m291ef27749fd523c757403de0a5d033d5.jpg'),(1040,259,'img/product/size4/m47a2af301a56ba722ffae8ae2a666e263.jpg','img/product/size2/m27a2af301a56ba722ffae8ae2a666e263.jpg'),(1041,259,'img/product/size4/m4b350a4abe82f0a7d0fd2897ce7d59ae5.jpg','img/product/size2/m2b350a4abe82f0a7d0fd2897ce7d59ae5.jpg'),(1042,259,'img/product/size4/m4b43446c904abce430c968d003aece6a8.jpg','img/product/size2/m2b43446c904abce430c968d003aece6a8.jpg'),(1043,260,'img/product/size4/m4a97735f3c1f4d895c2950abbf7e758fd.jpg','img/product/size2/m2a97735f3c1f4d895c2950abbf7e758fd.jpg'),(1044,260,'img/product/size4/m4f8fceb05373509d23444720352c903e8.jpg','img/product/size2/m2f8fceb05373509d23444720352c903e8.jpg'),(1045,260,'img/product/size4/m491ef27749fd523c757403de0a5d033d5.jpg','img/product/size2/m291ef27749fd523c757403de0a5d033d5.jpg'),(1046,260,'img/product/size4/m447100bcee6d8485ee65dd3442cf624c3.jpg','img/product/size2/m247100bcee6d8485ee65dd3442cf624c3.jpg'),(1047,261,'img/product/size4/m437209b6487f8ee9e2c11e470a89e13a8.jpg','img/product/size2/m237209b6487f8ee9e2c11e470a89e13a8.jpg'),(1048,261,'img/product/size4/m4a6e5b5ba8ef83b3057c1ac58cb0a51a9.jpg','img/product/size2/m2a6e5b5ba8ef83b3057c1ac58cb0a51a9.jpg'),(1049,261,'img/product/size4/m429417d0ce48c867d55038ab39779fef3.jpg','img/product/size2/m229417d0ce48c867d55038ab39779fef3.jpg'),(1050,261,'img/product/size4/m476e20eb3585db8de742aa741f0309afe.jpg','img/product/size2/m276e20eb3585db8de742aa741f0309afe.jpg'),(1051,261,'img/product/size4/m419eedc28a703d18423fef5cdac5c67e8.jpg','img/product/size2/m219eedc28a703d18423fef5cdac5c67e8.jpg'),(1052,262,'img/product/size4/m4dd46e3cac963cb45a309682c343198e3.jpg','img/product/size2/m2dd46e3cac963cb45a309682c343198e3.jpg'),(1053,262,'img/product/size4/m41b7e6805e116982076fa15ece3c515a1.jpg','img/product/size2/m21b7e6805e116982076fa15ece3c515a1.jpg'),(1054,262,'img/product/size4/m419ebf7585e9734b5ca16924c8fb9ac0f.jpg','img/product/size2/m219ebf7585e9734b5ca16924c8fb9ac0f.jpg'),(1055,262,'img/product/size4/m4b3bbdd11f3ea6f1a849b7f744f432e7f.jpg','img/product/size2/m2b3bbdd11f3ea6f1a849b7f744f432e7f.jpg'),(1056,263,'img/product/size4/m4893589aa9911e29e85df2f0e13569406.jpg','img/product/size2/m2893589aa9911e29e85df2f0e13569406.jpg'),(1057,263,'img/product/size4/m4884fe7f47d6ea05bc3bfd1b96e920f26.jpg','img/product/size2/m2884fe7f47d6ea05bc3bfd1b96e920f26.jpg'),(1058,263,'img/product/size4/m4684eada098647e0902bee401685e9d3d.jpg','img/product/size2/m2684eada098647e0902bee401685e9d3d.jpg'),(1059,263,'img/product/size4/m447fb11112d9d1beca8eb05fa512f8ab5.jpg','img/product/size2/m247fb11112d9d1beca8eb05fa512f8ab5.jpg'),(1060,264,'img/product/size4/m4e3bd7b061c32a7ea6a21d93641c806cb.jpg','img/product/size2/m2e3bd7b061c32a7ea6a21d93641c806cb.jpg'),(1061,264,'img/product/size4/m449831f96902ff1e8382bcedeb4929d5d.jpg','img/product/size2/m249831f96902ff1e8382bcedeb4929d5d.jpg'),(1062,264,'img/product/size4/m45e4549cdf1b96bef888ef3fb4270bb21.jpg','img/product/size2/m25e4549cdf1b96bef888ef3fb4270bb21.jpg'),(1063,264,'img/product/size4/m47bd8032ed701e2b91f0d094c2d4c564e.jpg','img/product/size2/m27bd8032ed701e2b91f0d094c2d4c564e.jpg'),(1064,265,'img/product/size4/m43a6ab4a9324cac4edccee3622ce49a61.jpg','img/product/size2/m23a6ab4a9324cac4edccee3622ce49a61.jpg'),(1065,265,'img/product/size4/m4ea92816a6378ea6d6ba4c49e6fc6fbc3.jpg','img/product/size2/m2ea92816a6378ea6d6ba4c49e6fc6fbc3.jpg'),(1066,265,'img/product/size4/m4a6e5b5ba8ef83b3057c1ac58cb0a51a9.jpg','img/product/size2/m2a6e5b5ba8ef83b3057c1ac58cb0a51a9.jpg'),(1067,265,'img/product/size4/m429417d0ce48c867d55038ab39779fef3.jpg','img/product/size2/m229417d0ce48c867d55038ab39779fef3.jpg'),(1068,266,'img/product/size4/m4c6d9416f1db0c4cbbccb4d00f5a87328.jpg','img/product/size2/m2c6d9416f1db0c4cbbccb4d00f5a87328.jpg'),(1069,266,'img/product/size4/m4b73ad0712746ef03019e34fb9757401d.jpg','img/product/size2/m2b73ad0712746ef03019e34fb9757401d.jpg'),(1070,266,'img/product/size4/m40cf507a9d5018c62a6eba80dda6d9dee.jpg','img/product/size2/m20cf507a9d5018c62a6eba80dda6d9dee.jpg'),(1071,266,'img/product/size4/m4ea170da1eace118d3c266f55b67d530b.jpg','img/product/size2/m2ea170da1eace118d3c266f55b67d530b.jpg'),(1072,267,'img/product/size4/m42451ae93a546797238af08e3227d599d.jpg','img/product/size2/m22451ae93a546797238af08e3227d599d.jpg'),(1073,267,'img/product/size4/m4654d0af932a6ad8e3f1534ab31e46118.jpg','img/product/size2/m2654d0af932a6ad8e3f1534ab31e46118.jpg'),(1074,267,'img/product/size4/m4e5d098135b9249aab3ba5c2b71759773.jpg','img/product/size2/m2e5d098135b9249aab3ba5c2b71759773.jpg'),(1075,267,'img/product/size4/m4a078c7135fdefabc2018a594df95fbf2.jpg','img/product/size2/m2a078c7135fdefabc2018a594df95fbf2.jpg'),(1076,268,'img/product/size4/m4a078c7135fdefabc2018a594df95fbf2.jpg','img/product/size2/m2a078c7135fdefabc2018a594df95fbf2.jpg'),(1077,268,'img/product/size4/m4884fe7f47d6ea05bc3bfd1b96e920f26.jpg','img/product/size2/m2884fe7f47d6ea05bc3bfd1b96e920f26.jpg'),(1078,268,'img/product/size4/m4cfa8355222bddde5a05ce589a602079f.jpg','img/product/size2/m2cfa8355222bddde5a05ce589a602079f.jpg'),(1079,268,'img/product/size4/m4893589aa9911e29e85df2f0e13569406.jpg','img/product/size2/m2893589aa9911e29e85df2f0e13569406.jpg'),(1080,269,'img/product/size4/m42933078d581071c03c73408f84f448b9.jpg','img/product/size2/m22933078d581071c03c73408f84f448b9.jpg'),(1081,269,'img/product/size4/m4654d0af932a6ad8e3f1534ab31e46118.jpg','img/product/size2/m2654d0af932a6ad8e3f1534ab31e46118.jpg'),(1082,269,'img/product/size4/m4c1ba05da8b7267e4c0bb1bcfee0f2f0b.jpg','img/product/size2/m2c1ba05da8b7267e4c0bb1bcfee0f2f0b.jpg'),(1083,270,'img/product/size4/m427382ebdb3f1ac9bfb0c9def791a8ec2.jpg','img/product/size2/m227382ebdb3f1ac9bfb0c9def791a8ec2.jpg'),(1084,270,'img/product/size4/m45c17b5b73d618bbdd2abe231f1307838.jpg','img/product/size2/m25c17b5b73d618bbdd2abe231f1307838.jpg'),(1085,270,'img/product/size4/m4e773dac52bbbffe5142fdfac82340386.jpg','img/product/size2/m2e773dac52bbbffe5142fdfac82340386.jpg'),(1086,270,'img/product/size4/m479471f9320ee1e879f28986eea488fff.jpg','img/product/size2/m279471f9320ee1e879f28986eea488fff.jpg'),(1087,271,'img/product/size4/m4a934e2426500ebc2c6849f13800cf5f6.jpg','img/product/size2/m2a934e2426500ebc2c6849f13800cf5f6.jpg'),(1088,271,'img/product/size4/m47ebba888f515503741902e619355c5a1.jpg','img/product/size2/m27ebba888f515503741902e619355c5a1.jpg'),(1089,271,'img/product/size4/m4a70558ab3e3d4e57ea005eb317cd18fd.jpg','img/product/size2/m2a70558ab3e3d4e57ea005eb317cd18fd.jpg'),(1090,271,'img/product/size4/m4053bfcfa01270dd328400557a4206412.jpg','img/product/size2/m2053bfcfa01270dd328400557a4206412.jpg'),(1091,272,'img/product/size4/m4474beeefccd8bcfa3687b71984012265.jpg','img/product/size2/m2474beeefccd8bcfa3687b71984012265.jpg'),(1092,272,'img/product/size4/m45f63e91dbb820928bfe8dcfb1290de25.jpg','img/product/size2/m25f63e91dbb820928bfe8dcfb1290de25.jpg'),(1093,272,'img/product/size4/m47482465e3b4b1668cc4840ca2a9a14c8.jpg','img/product/size2/m27482465e3b4b1668cc4840ca2a9a14c8.jpg'),(1094,272,'img/product/size4/m4cba55e9edc086502e0bc95c8db2ca498.jpg','img/product/size2/m2cba55e9edc086502e0bc95c8db2ca498.jpg'),(1095,273,'img/product/size4/m4f6fe4743c237f2c7c092d36533ff80ab.jpg','img/product/size2/m2f6fe4743c237f2c7c092d36533ff80ab.jpg'),(1096,273,'img/product/size4/m4fb30aa13253ab3bb2c906660c06c0771.jpg','img/product/size2/m2fb30aa13253ab3bb2c906660c06c0771.jpg'),(1097,273,'img/product/size4/m445488297fe7cd6a0b236a0cbfd16f729.jpg','img/product/size2/m245488297fe7cd6a0b236a0cbfd16f729.jpg'),(1098,273,'img/product/size4/m453e47405ee70ab11da21fc7ecffa39b3.jpg','img/product/size2/m253e47405ee70ab11da21fc7ecffa39b3.jpg'),(1099,274,'img/product/size4/m48bb4bcb4d9610a756c655ccb881b8629.jpg','img/product/size2/m28bb4bcb4d9610a756c655ccb881b8629.jpg'),(1100,274,'img/product/size4/m499ae8f5e64abaaa2023857379d958de5.jpg','img/product/size2/m299ae8f5e64abaaa2023857379d958de5.jpg'),(1101,274,'img/product/size4/m4139072d6097157f978ce0372394551c3.jpg','img/product/size2/m2139072d6097157f978ce0372394551c3.jpg'),(1102,274,'img/product/size4/m4e31ced52280430a63722deaec010dda9.jpg','img/product/size2/m2e31ced52280430a63722deaec010dda9.jpg'),(1103,275,'img/product/size4/m42d3dddcfc618e1a72a4233e581db79de.jpg','img/product/size2/m22d3dddcfc618e1a72a4233e581db79de.jpg'),(1104,275,'img/product/size4/m47a0d7ca230ff725a157f8c1f1592e8f8.jpg','img/product/size2/m27a0d7ca230ff725a157f8c1f1592e8f8.jpg'),(1105,275,'img/product/size4/m4816f0affbd6e8f4a63ea5c92040c5c15.jpg','img/product/size2/m2816f0affbd6e8f4a63ea5c92040c5c15.jpg'),(1106,275,'img/product/size4/m46faf5a4db2c1c4e94d033102167a0dfe.jpg','img/product/size2/m26faf5a4db2c1c4e94d033102167a0dfe.jpg'),(1107,276,'img/product/size4/m4fbf284c91f951d6a5a071a3f02010669.jpg','img/product/size2/m2fbf284c91f951d6a5a071a3f02010669.jpg'),(1108,276,'img/product/size4/m47165675a4c083a54972035afd10f6066.jpg','img/product/size2/m27165675a4c083a54972035afd10f6066.jpg'),(1109,276,'img/product/size4/m42d5f7517d1f822788efbfc58ee0371a8.jpg','img/product/size2/m22d5f7517d1f822788efbfc58ee0371a8.jpg'),(1110,276,'img/product/size4/m496e332e6fe9c1a7396837bd17730c47f.jpg','img/product/size2/m296e332e6fe9c1a7396837bd17730c47f.jpg'),(1111,277,'img/product/size4/m4fbf284c91f951d6a5a071a3f02010669.jpg','img/product/size2/m2fbf284c91f951d6a5a071a3f02010669.jpg'),(1112,277,'img/product/size4/m42d5f7517d1f822788efbfc58ee0371a8.jpg','img/product/size2/m22d5f7517d1f822788efbfc58ee0371a8.jpg'),(1113,277,'img/product/size4/m44b241420c8f4a0e19cbf73e494f4ddef.jpg','img/product/size2/m24b241420c8f4a0e19cbf73e494f4ddef.jpg'),(1114,277,'img/product/size4/m4de663b67f7fa51bc482d40c87aea6da9.jpg','img/product/size2/m2de663b67f7fa51bc482d40c87aea6da9.jpg'),(1115,278,'img/product/size4/m4b3bbdd11f3ea6f1a849b7f744f432e7f.jpg','img/product/size2/m2b3bbdd11f3ea6f1a849b7f744f432e7f.jpg'),(1116,278,'img/product/size4/m4dd46e3cac963cb45a309682c343198e3.jpg','img/product/size2/m2dd46e3cac963cb45a309682c343198e3.jpg'),(1117,278,'img/product/size4/m4f3dbe3989a7e3b2ea17bd5630dbb3bef.jpg','img/product/size2/m2f3dbe3989a7e3b2ea17bd5630dbb3bef.jpg'),(1118,278,'img/product/size4/m423e1d43221d7b9014f7546ccab67a46f.jpg','img/product/size2/m223e1d43221d7b9014f7546ccab67a46f.jpg'),(1119,279,'img/product/size4/m464dc995d289fbb3d1b048d19b715e4f9.jpg','img/product/size2/m264dc995d289fbb3d1b048d19b715e4f9.jpg'),(1120,279,'img/product/size4/m4c484792db36c183ec70407c1377c053c.jpg','img/product/size2/m2c484792db36c183ec70407c1377c053c.jpg'),(1121,279,'img/product/size4/m4764eb2207c9c84d6037d604ce6446b85.jpg','img/product/size2/m2764eb2207c9c84d6037d604ce6446b85.jpg'),(1122,279,'img/product/size4/m4ce388a60a6a0eac0024bd2ff6ada94b0.jpg','img/product/size2/m2ce388a60a6a0eac0024bd2ff6ada94b0.jpg'),(1123,279,'img/product/size4/m499c4e65d810fd27f462e8807684711de.jpg','img/product/size2/m299c4e65d810fd27f462e8807684711de.jpg'),(1124,279,'img/product/size4/m45c17b5b73d618bbdd2abe231f1307838.jpg','img/product/size2/m25c17b5b73d618bbdd2abe231f1307838.jpg'),(1125,279,'img/product/size4/m4057f3fb8520c175e48b6a914d0d6e397.jpg','img/product/size2/m2057f3fb8520c175e48b6a914d0d6e397.jpg'),(1126,279,'img/product/size4/m46a742af132f219e1b228250400a141ab.jpg','img/product/size2/m26a742af132f219e1b228250400a141ab.jpg'),(1127,279,'img/product/size4/m45508c239c9ad9e8e74d151d6ab855875.jpg','img/product/size2/m25508c239c9ad9e8e74d151d6ab855875.jpg'),(1128,279,'img/product/size4/m49e358211143d01daf467964aa61d2863.jpg','img/product/size2/m29e358211143d01daf467964aa61d2863.jpg'),(1129,279,'img/product/size4/m4dfebacf445b6de4bf9714684ae9440c8.jpg','img/product/size2/m2dfebacf445b6de4bf9714684ae9440c8.jpg'),(1130,279,'img/product/size4/m43c90d20138a31d319e74dcc674ec8a69.jpg','img/product/size2/m23c90d20138a31d319e74dcc674ec8a69.jpg'),(1131,280,'img/product/size4/m45c17b5b73d618bbdd2abe231f1307838.jpg','img/product/size2/m25c17b5b73d618bbdd2abe231f1307838.jpg'),(1132,280,'img/product/size4/m4dfebacf445b6de4bf9714684ae9440c8.jpg','img/product/size2/m2dfebacf445b6de4bf9714684ae9440c8.jpg'),(1133,280,'img/product/size4/m4b30056c90eccb0485d8a4adae18bdb78.JPG','img/product/size2/m2b30056c90eccb0485d8a4adae18bdb78.JPG'),(1134,280,'img/product/size4/m4b0ce750a53fc3ea9a5c65fbe63f13c5f.jpg','img/product/size2/m2b0ce750a53fc3ea9a5c65fbe63f13c5f.jpg'),(1135,280,'img/product/size4/m4a7bc57f69f45bd3488f1441e31b3aaeb.jpg','img/product/size2/m2a7bc57f69f45bd3488f1441e31b3aaeb.jpg'),(1136,280,'img/product/size4/m4184771838447eb5f64856e17768f00d5.jpg','img/product/size2/m2184771838447eb5f64856e17768f00d5.jpg'),(1137,280,'img/product/size4/m431a8125b6557c6a66e446e9ab6c796ad.jpg','img/product/size2/m231a8125b6557c6a66e446e9ab6c796ad.jpg'),(1138,280,'img/product/size4/m49c080ecfa42c2511244f532e13f793b1.jpg','img/product/size2/m29c080ecfa42c2511244f532e13f793b1.jpg'),(1139,281,'img/product/size4/m418d363b3ad3d3bf0308318d012f338a1.jpg','img/product/size2/m218d363b3ad3d3bf0308318d012f338a1.jpg'),(1140,281,'img/product/size4/m48920e6b14355f13cf63e3d245fffc76a.jpg','img/product/size2/m28920e6b14355f13cf63e3d245fffc76a.jpg'),(1141,281,'img/product/size4/m43fac12460ee3a6ac26d844409dbe3743.jpg','img/product/size2/m23fac12460ee3a6ac26d844409dbe3743.jpg'),(1142,281,'img/product/size4/m451dcdeb53638559358c27c5456c20457.jpg','img/product/size2/m251dcdeb53638559358c27c5456c20457.jpg'),(1143,281,'img/product/size4/m477cbaa9f65fc880eadebd2ac44fb4d4b.jpg','img/product/size2/m277cbaa9f65fc880eadebd2ac44fb4d4b.jpg'),(1144,282,'img/product/size4/m439fc97b006caec2baf3ca8ff462c0c1c.jpg','img/product/size2/m239fc97b006caec2baf3ca8ff462c0c1c.jpg'),(1145,282,'img/product/size4/m43a27a473baf9cb0ed161c2c6a091e183.jpg','img/product/size2/m23a27a473baf9cb0ed161c2c6a091e183.jpg'),(1146,282,'img/product/size4/m4fc02956700d9cf11ee1d6dbd9de3a518.jpg','img/product/size2/m2fc02956700d9cf11ee1d6dbd9de3a518.jpg'),(1147,282,'img/product/size4/m438ae773db1e11d79ce47e52509ecfd1c.jpg','img/product/size2/m238ae773db1e11d79ce47e52509ecfd1c.jpg'),(1148,283,'img/product/size4/m4fa508d84cd1f43ec2a91eed76e084297.jpg','img/product/size2/m2fa508d84cd1f43ec2a91eed76e084297.jpg'),(1149,283,'img/product/size4/m47d177e31ea6a006f32d939039ccafb8e.jpg','img/product/size2/m27d177e31ea6a006f32d939039ccafb8e.jpg'),(1150,283,'img/product/size4/m484ee9d8432a540b153a4afd300794e76.jpg','img/product/size2/m284ee9d8432a540b153a4afd300794e76.jpg'),(1151,283,'img/product/size4/m4400aec403decab9d880fd8036a8490c3.jpg','img/product/size2/m2400aec403decab9d880fd8036a8490c3.jpg'),(1152,284,'img/product/size4/m4afc3e64f7ad9d519511704c449558522.jpg','img/product/size2/m2afc3e64f7ad9d519511704c449558522.jpg'),(1153,284,'img/product/size4/m44fa1da1f2a787dd1bfcd2028decfcabe.jpg','img/product/size2/m24fa1da1f2a787dd1bfcd2028decfcabe.jpg'),(1154,284,'img/product/size4/m40095dce32ba5bb1c9fc6625078a0523d.jpg','img/product/size2/m20095dce32ba5bb1c9fc6625078a0523d.jpg'),(1155,284,'img/product/size4/m4dd46e3cac963cb45a309682c343198e3.jpg','img/product/size2/m2dd46e3cac963cb45a309682c343198e3.jpg'),(1156,285,'img/product/size4/m484ee9d8432a540b153a4afd300794e76.jpg','img/product/size2/m284ee9d8432a540b153a4afd300794e76.jpg'),(1157,285,'img/product/size4/m46227cbbdc79cea94ab43c7db54e43403.jpg','img/product/size2/m26227cbbdc79cea94ab43c7db54e43403.jpg'),(1158,285,'img/product/size4/m4e5d7c2808c259a9a777e963208cf3e54.jpg','img/product/size2/m2e5d7c2808c259a9a777e963208cf3e54.jpg'),(1159,285,'img/product/size4/m48bc96683398200811e82c41088063cda.jpg','img/product/size2/m28bc96683398200811e82c41088063cda.jpg'),(1160,286,'img/product/size4/m4958e1b9c2b8b43da1c3440b71155dc7d.jpg','img/product/size2/m2958e1b9c2b8b43da1c3440b71155dc7d.jpg'),(1161,286,'img/product/size4/m46b5778eca8006ee0f9ffe326fc11bb3e.jpg','img/product/size2/m26b5778eca8006ee0f9ffe326fc11bb3e.jpg'),(1162,286,'img/product/size4/m475b3feb96246a72fa4472840ac9d4eb7.jpg','img/product/size2/m275b3feb96246a72fa4472840ac9d4eb7.jpg'),(1163,286,'img/product/size4/m4067820859666d86de3ee34aa1bc4cce7.jpg','img/product/size2/m2067820859666d86de3ee34aa1bc4cce7.jpg'),(1164,287,'img/product/size4/m4799117c4cd1aa7bc12095d015fc0a432.jpg','img/product/size2/m2799117c4cd1aa7bc12095d015fc0a432.jpg'),(1165,287,'img/product/size4/m4d3b7e41457ca4476f1eb0fe76e6dcac9.jpg','img/product/size2/m2d3b7e41457ca4476f1eb0fe76e6dcac9.jpg'),(1166,287,'img/product/size4/m4b5b412fe8db27b95660c62421e458ea8.jpg','img/product/size2/m2b5b412fe8db27b95660c62421e458ea8.jpg'),(1167,287,'img/product/size4/m4c158b627f8ffe891556466f7b19e4dd6.jpg','img/product/size2/m2c158b627f8ffe891556466f7b19e4dd6.jpg'),(1168,288,'img/product/size4/m4918c8f5a9c494768fbce8dc9b5fca905.jpg','img/product/size2/m2918c8f5a9c494768fbce8dc9b5fca905.jpg'),(1169,288,'img/product/size4/m44dc7e2b539a0cd28fef7fbc3c2f65742.jpg','img/product/size2/m24dc7e2b539a0cd28fef7fbc3c2f65742.jpg'),(1170,288,'img/product/size4/m4695eb94226fcb0dbf590e38e3b7baa27.jpg','img/product/size2/m2695eb94226fcb0dbf590e38e3b7baa27.jpg'),(1171,288,'img/product/size4/m49ee453f46eebea01eef0fbe95aa9ddd5.jpg','img/product/size2/m29ee453f46eebea01eef0fbe95aa9ddd5.jpg'),(1172,289,'img/product/size4/m4afc3e64f7ad9d519511704c449558522.jpg','img/product/size2/m2afc3e64f7ad9d519511704c449558522.jpg'),(1173,289,'img/product/size4/m44fa1da1f2a787dd1bfcd2028decfcabe.jpg','img/product/size2/m24fa1da1f2a787dd1bfcd2028decfcabe.jpg'),(1174,289,'img/product/size4/m417ba719d8bcaed4f6e9d0636b7b41888.jpg','img/product/size2/m217ba719d8bcaed4f6e9d0636b7b41888.jpg'),(1175,289,'img/product/size4/m46468a52f97bab225c693471976c070c2.jpg','img/product/size2/m26468a52f97bab225c693471976c070c2.jpg'),(1176,290,'img/product/size4/058da2caf1718bda8fefdf8b66fcc1e4.jpg','img/product/size2/m2058da2caf1718bda8fefdf8b66fcc1e4.jpg'),(1177,290,'img/product/size4/395dd088670dfb34bbff4367c06acbcb.jpg','img/product/size2/m2395dd088670dfb34bbff4367c06acbcb.jpg'),(1178,290,'img/product/size4/52b0bb33210fb1b4af1820ab11c119b9.jpg','img/product/size2/m252b0bb33210fb1b4af1820ab11c119b9.jpg'),(1179,290,'img/product/size4/d32c871ec03784e7dba426a2cd1b5e8f.jpg','img/product/size2/m2d32c871ec03784e7dba426a2cd1b5e8f.jpg'),(1180,291,'img/product/size4/m462011d4865faef5c2dce3c6a3d683f35.jpeg','img/product/size2/m262011d4865faef5c2dce3c6a3d683f35.jpeg'),(1181,291,'img/product/size4/m46348b23619f62edbe09880c8756364ff.jpg','img/product/size2/m26348b23619f62edbe09880c8756364ff.jpg'),(1182,291,'img/product/size4/m4d2a0459ece99e60052d31aa03b9cc632.jpg','img/product/size2/m2d2a0459ece99e60052d31aa03b9cc632.jpg'),(1183,291,'img/product/size4/m497f2bfa9a9efa2221301209ec70bfad1.jpg','img/product/size2/m297f2bfa9a9efa2221301209ec70bfad1.jpg'),(1184,292,'img/product/size4/9e0caefe49275de05203249776afa9b3.jpg','img/product/size2/m29e0caefe49275de05203249776afa9b3.jpg'),(1185,292,'img/product/size4/a8762e95cca5720fb8ab720d085ad6c8.jpg','img/product/size2/m2a8762e95cca5720fb8ab720d085ad6c8.jpg'),(1186,292,'img/product/size4/d62aa9f19c84f99a8b700f12824b195b.jpg','img/product/size2/m2d62aa9f19c84f99a8b700f12824b195b.jpg'),(1187,292,'img/product/size4/m46abd52cb8e0a8dfae8f19ca0f1f5c193.jpg','img/product/size2/m26abd52cb8e0a8dfae8f19ca0f1f5c193.jpg'),(1188,293,'img/product/size4/m48c2b01f1fd85866263ebcd4cb76e29dd.jpg','img/product/size2/m28c2b01f1fd85866263ebcd4cb76e29dd.jpg'),(1189,293,'img/product/size4/m4de663b67f7fa51bc482d40c87aea6da9.jpg','img/product/size2/m2de663b67f7fa51bc482d40c87aea6da9.jpg'),(1190,293,'img/product/size4/m40002e921ca056710da8375389bc75629.jpg','img/product/size2/m20002e921ca056710da8375389bc75629.jpg'),(1191,293,'img/product/size4/m458bdda3897fcf0948c73908201b33fcd.jpg','img/product/size2/m258bdda3897fcf0948c73908201b33fcd.jpg'),(1192,294,'img/product/size4/m4fbf284c91f951d6a5a071a3f02010669.jpg','img/product/size2/m2fbf284c91f951d6a5a071a3f02010669.jpg'),(1193,294,'img/product/size4/m496e332e6fe9c1a7396837bd17730c47f.jpg','img/product/size2/m296e332e6fe9c1a7396837bd17730c47f.jpg'),(1194,294,'img/product/size4/m4139072d6097157f978ce0372394551c3.jpg','img/product/size2/m2139072d6097157f978ce0372394551c3.jpg'),(1195,294,'img/product/size4/m41ce39524c56ba38c2833529f34d205fb.jpg','img/product/size2/m21ce39524c56ba38c2833529f34d205fb.jpg'),(1196,294,'img/product/size4/m42d5f7517d1f822788efbfc58ee0371a8.jpg','img/product/size2/m22d5f7517d1f822788efbfc58ee0371a8.jpg'),(1197,295,'img/product/size4/m4fbf284c91f951d6a5a071a3f02010669.jpg','img/product/size2/m2fbf284c91f951d6a5a071a3f02010669.jpg'),(1198,295,'img/product/size4/m48bb4bcb4d9610a756c655ccb881b8629.jpg','img/product/size2/m28bb4bcb4d9610a756c655ccb881b8629.jpg'),(1199,295,'img/product/size4/m447d1e3a681856c27c6ad7cf4c4ff2f0d.jpg','img/product/size2/m247d1e3a681856c27c6ad7cf4c4ff2f0d.jpg'),(1200,295,'img/product/size4/m499ae8f5e64abaaa2023857379d958de5.jpg','img/product/size2/m299ae8f5e64abaaa2023857379d958de5.jpg'),(1201,296,'img/product/size4/m42287d93e6373fffc3d0477d828d7dbd1.jpg','img/product/size2/m22287d93e6373fffc3d0477d828d7dbd1.jpg'),(1202,296,'img/product/size4/m4d40b5b24a5980d9fecedd55703808ad3.jpg','img/product/size2/m2d40b5b24a5980d9fecedd55703808ad3.jpg'),(1203,296,'img/product/size4/m4399748b4b1f689c604ab991917a532c3.jpg','img/product/size2/m2399748b4b1f689c604ab991917a532c3.jpg'),(1204,296,'img/product/size4/m4e6d270f800c3a5da6e9c731c8cb51687.jpg','img/product/size2/m2e6d270f800c3a5da6e9c731c8cb51687.jpg'),(1205,296,'img/product/size4/m4cb78455d813cbfc56c42aac2db49acf4.jpg','img/product/size2/m2cb78455d813cbfc56c42aac2db49acf4.jpg'),(1206,296,'img/product/size4/m4cf724dbc4fd35cf8720d28e880df75c3.jpg','img/product/size2/m2cf724dbc4fd35cf8720d28e880df75c3.jpg'),(1207,297,'img/product/size4/m4fa508d84cd1f43ec2a91eed76e084297.jpg','img/product/size2/m2fa508d84cd1f43ec2a91eed76e084297.jpg'),(1208,297,'img/product/size4/m448f6cf9a11a1faaad4a0f289e8badd55.jpg','img/product/size2/m248f6cf9a11a1faaad4a0f289e8badd55.jpg'),(1209,297,'img/product/size4/m41527368eef1e90e2e1eca8bc6d56ffde.jpg','img/product/size2/m21527368eef1e90e2e1eca8bc6d56ffde.jpg'),(1210,297,'img/product/size4/m484ee9d8432a540b153a4afd300794e76.jpg','img/product/size2/m284ee9d8432a540b153a4afd300794e76.jpg'),(1211,298,'img/product/size4/m405540886e77a92c50cac8862dfcac2a9.jpg','img/product/size2/m205540886e77a92c50cac8862dfcac2a9.jpg'),(1212,299,'img/product/size4/m4e4043203f541678a485d51e8627cc03e.jpg','img/product/size2/m2e4043203f541678a485d51e8627cc03e.jpg'),(1213,299,'img/product/size4/m4fd7637f5a1a26457acf474e1b6e19504.jpg','img/product/size2/m2fd7637f5a1a26457acf474e1b6e19504.jpg'),(1214,299,'img/product/size4/m4cc0ae9ebf1a693d03ec69d94a5b79a75.jpg','img/product/size2/m2cc0ae9ebf1a693d03ec69d94a5b79a75.jpg'),(1215,299,'img/product/size4/m41bb179bb190f2077ff0bafa3f46eb591.jpg','img/product/size2/m21bb179bb190f2077ff0bafa3f46eb591.jpg'),(1216,300,'img/product/size4/m4ce388a60a6a0eac0024bd2ff6ada94b0.jpg','img/product/size2/m2ce388a60a6a0eac0024bd2ff6ada94b0.jpg'),(1217,300,'img/product/size4/m4764eb2207c9c84d6037d604ce6446b85.jpg','img/product/size2/m2764eb2207c9c84d6037d604ce6446b85.jpg'),(1218,300,'img/product/size4/m4c484792db36c183ec70407c1377c053c.jpg','img/product/size2/m2c484792db36c183ec70407c1377c053c.jpg'),(1219,300,'img/product/size4/m464dc995d289fbb3d1b048d19b715e4f9.jpg','img/product/size2/m264dc995d289fbb3d1b048d19b715e4f9.jpg'),(1220,300,'img/product/size4/m4a0b210f47a778170efe260bd75a2fd01.jpg','img/product/size2/m2a0b210f47a778170efe260bd75a2fd01.jpg'),(1221,300,'img/product/size4/m45c17b5b73d618bbdd2abe231f1307838.jpg','img/product/size2/m25c17b5b73d618bbdd2abe231f1307838.jpg'),(1222,300,'img/product/size4/m4057f3fb8520c175e48b6a914d0d6e397.jpg','img/product/size2/m2057f3fb8520c175e48b6a914d0d6e397.jpg'),(1223,300,'img/product/size4/m46a742af132f219e1b228250400a141ab.jpg','img/product/size2/m26a742af132f219e1b228250400a141ab.jpg'),(1233,301,'img/product/size4/lfugong2.jpeg','img/product/size2/lfugong2.jpeg'),(1234,301,'img/product/size4/lfugong3.jpeg','img/product/size2/lfugong3.jpeg'),(1235,301,'img/product/size4/lfugong4.jpeg','img/product/size2/lfugong4.jpeg'),(1236,301,'img/product/size4/lfugong5.jpeg','img/product/size2/lfugong5.jpeg'),(1237,301,'img/product/size4/lfugong6.jpeg','img/product/size2/lfugong6.jpeg'),(1238,302,'img/product/size4/aifeier2.jpeg','img/product/size2/aifeier2.jpeg'),(1239,302,'img/product/size4/aifeier3.jpg','img/product/size2/aifeier3.jpg'),(1240,302,'img/product/size4/aifeier4.jpeg','img/product/size2/aifeier4.jpeg'),(1241,302,'img/product/size4/aifeier5.jpeg','img/product/size2/aifeier5.jpeg'),(1242,302,'img/product/size4/aifeier6.jpeg','img/product/size2/aifeier6.jpeg'),(1243,303,'img/product/size4/sainahe2.jpeg','img/product/size2/sainahe2.jpeg'),(1244,303,'img/product/size4/sainahe3.jpeg','img/product/size2/sainahe3.jpeg'),(1245,303,'img/product/size4/sainahe4.jpeg','img/product/size2/sainahe4.jpeg'),(1246,303,'img/product/size4/sainahe5.jpeg','img/product/size2/sainahe5.jpeg'),(1247,304,'img/product/size4/lusenbao2.jpeg','img/product/size2/lusenbao2.jpeg'),(1248,304,'img/product/size4/lusenbao3.jpeg','img/product/size2/lusenbao3.jpeg'),(1249,304,'img/product/size4/lusenbao4.jpeg','img/product/size2/lusenbao4.jpeg'),(1250,304,'img/product/size4/lusenbao5.jpeg','img/product/size2/lusenbao5.jpeg'),(1251,305,'img/product/size4/guangchang1.jpeg','img/product/size2/guangchang1.jpeg'),(1252,305,'img/product/size4/guangchang2.jpeg','img/product/size2/guangchang2.jpeg'),(1253,305,'img/product/size4/guangchang3.jpeg','img/product/size2/guangchang3.jpeg'),(1254,305,'img/product/size4/guangchang4.jpeg','img/product/size2/guangchang4.jpeg'),(1255,305,'img/product/size4/guangchang5.jpeg','img/product/size2/guangchang5.jpeg'),(1257,307,'img/product/size4/haolaiwo1.jpg','img/product/size2/haolaiwo1.jpg'),(1258,307,'img/product/size4/haolaiwo2.jpg','img/product/size2/haolaiwo2.jpg'),(1259,307,'img/product/size4/haolaiwo3.jpg','img/product/size2/haolaiwo3.jpg'),(1260,307,'img/product/size4/haolaiwo4.jpg','img/product/size2/haolaiwo4.jpg'),(1261,307,'img/product/size4/haolaiwo5.jpeg','img/product/size2/haolaiwo5.jpeg'),(1262,308,'img/product/size4/ziyou1.jpg','img/product/size2/ziyou1.jpg'),(1263,308,'img/product/size4/ziyou2.jpg','img/product/size2/ziyou2.jpg'),(1264,308,'img/product/size4/ziyou3.jpg','img/product/size2/ziyou3.jpg'),(1265,308,'img/product/size4/ziyou4.jpg','img/product/size2/ziyou4.jpg'),(1266,308,'img/product/size4/ziyou5.jpg','img/product/size2/ziyou5.jpg'),(1267,309,'img/product/size4/dishini1.jpg','img/product/size2/dishini1.jpg'),(1268,309,'img/product/size4/dishini2.jpg','img/product/size2/dishini2.jpg'),(1269,309,'img/product/size4/dishini3.jpg','img/product/size2/dishini3.jpg'),(1270,309,'img/product/size4/dishini4.jpg','img/product/size2/dishini4.jpg'),(1271,309,'img/product/size4/dishini5.jpg','img/product/size2/dishini5.jpg'),(1272,310,'img/product/size4/shidaigz1.jpeg','img/product/size2/shidaigz1.jpeg'),(1273,310,'img/product/size4/shidaigz2.jpeg','img/product/size2/shidaigz2.jpeg'),(1274,310,'img/product/size4/shidaigz3.jpeg','img/product/size2/shidaigz3.jpeg'),(1275,310,'img/product/size4/shidaigz4.jpeg','img/product/size2/shidaigz4.jpeg'),(1276,310,'img/product/size4/shidaigz5.jpeg','img/product/size2/shidaigz5.jpeg'),(1277,311,'img/product/size4/dongjingta1.jpeg','img/product/size2/dongjingta1.jpeg'),(1278,311,'img/product/size4/dongjingta2.jpeg','img/product/size2/dongjingta2.jpeg'),(1279,311,'img/product/size4/dongjingta3.jpeg','img/product/size2/dongjingta3.jpeg'),(1280,311,'img/product/size4/dongjingta4.jpeg','img/product/size2/dongjingta4.jpeg'),(1281,312,'img/product/size4/yinzuo1.jpeg','img/product/size2/yinzuo1.jpeg'),(1282,312,'img/product/size4/yinzuo2.jpeg','img/product/size2/yinzuo2.jpeg'),(1283,312,'img/product/size4/yinzuo3.jpeg','img/product/size2/yinzuo3.jpeg'),(1284,312,'img/product/size4/yinzuo4.jpeg','img/product/size2/yinzuo4.jpeg'),(1285,313,'img/product/size4/ridishini1.jpg','img/product/size2/ridishini1.jpg'),(1286,313,'img/product/size4/ridishini2.jpg','img/product/size2/ridishini2.jpg'),(1287,313,'img/product/size4/ridishini3.jpg','img/product/size2/ridishini3.jpg'),(1288,313,'img/product/size4/ridishini4.jpg','img/product/size2/ridishini4.jpg'),(1289,313,'img/product/size4/ridishini5.jpg','img/product/size2/ridishini5.jpg'),(1291,306,'img/product/size4/dajiaotang2.jpeg','img/product/size2/dajiaotang2.jpeg'),(1292,306,'img/product/size4/dajiaotang3.jpeg','img/product/size2/dajiaotang3.jpeg'),(1293,306,'img/product/size4/dajiaotang4.jpeg','img/product/size2/dajiaotang4.jpeg'),(1294,306,'img/product/size4/dajiaotang5.jpeg','img/product/size2/dajiaotang5.jpeg'),(1295,314,'img/product/size4/xiongmao.jpeg','img/product/size2/xiongmao.jpeg'),(1296,314,'img/product/size4/xiongmao1.jpeg','img/product/size2/xiongmao1.jpeg'),(1297,314,'img/product/size4/xiongmao2.jpeg','img/product/size2/xiongmao2.jpeg'),(1298,314,'img/product/size4/xiongmao3.jpeg','img/product/size2/xiongmao3.jpeg'),(1300,315,'img/product/size4/yulongxueshan.jpeg','img/product/size2/yulongxueshan.jpeg'),(1301,315,'img/product/size4/yulongxueshan1.jpeg','img/product/size2/yulongxueshan1.jpeg'),(1302,315,'img/product/size4/yulongxueshan2.jpeg','img/product/size2/yulongxueshan2.jpeg'),(1303,315,'img/product/size4/yulongxueshan3.jpeg','img/product/size2/yulongxueshan3.jpeg'),(1304,315,'img/product/size4/yulongxueshan4.jpeg','img/product/size2/yulongxueshan4.jpeg'),(1305,316,'img/product/size4/niaochao.jpeg','img/product/size2/niaochao.jpeg'),(1306,316,'img/product/size4/niaochao1.jpeg','img/product/size2/niaochao1.jpeg'),(1307,316,'img/product/size4/shuilifang1.jpg','img/product/size2/shuilifang1.jpg'),(1308,316,'img/product/size4/shuilifang2.jpeg','img/product/size2/shuilifang2.jpeg'),(1310,327,'img/test/img/EAD5CC9F17BC4554B7C4A9D7C5FE2069.jpeg','img/test/img/68F393F4A89E4A3EA584A73F06481EDD.jpeg'),(1312,327,'img/test/img/CB19E7F02E58404B9A22CF073548C19D.jpeg','img/test/img/1727CF2018B9414191E285FD0B274065.jpeg'),(1318,327,'img/test/img/E8523C889EF2488296753943FEA59183.jpeg','img/test/img/126FEAE5B6F344A2BC83038B044688FD.jpeg'),(1320,327,'img/test/img/613E7F4A6BA44ACD8609B5AAFB449531.jpeg','img/test/img/C5A3DA280C624B61924DE97E168D2270.jpeg'),(1322,329,'img/test/img/D847F16A2B7841358F99C10CA2EE71F1.jpeg','img/test/img/9BCEF2E01EDF49D5949B13BB9349A74E.jpeg'),(1324,329,'img/test/img/8B6E7E1AC117494FB3908789C4D95ECE.jpeg','img/test/img/CDB3A81D7C19472793D2BE927F64C730.jpeg'),(1326,329,'img/test/img/8E33A0970F5F43B7BE16AF3747AFD72E.jpeg','img/test/img/80F9D0C4BEA74DCAB12EDB6219FD0F3C.jpeg'),(1328,329,'img/test/img/77A6C835093841CD9961F3E39F881BFF.jpg','img/test/img/8BF53EDA9ED74DF1A3FDD506B1B9FE6F.jpg'),(1330,329,'img/test/img/size2/DEB7579CC1EA49C38B855779F234F645.jpg','img/test/img/size2/B0EFEDA6343A46E4AA7EB5BA46ABF8E0.jpg'),(1332,329,'img/test/img/size2/EDC120DA0039422EA19E399034EFB439.jpeg','img/test/img/size2/90BA29040E0E45D0A28FAA63BA6700F9.jpeg'),(1338,334,'img/test/img/94A91EE7E2C0457EB702141785E84A15.jpg','img/test/img/78B18952C41C413E9D834DBE9C643E89.jpg'),(1340,334,'img/test/img/FD36CDB72C5D46C380D598CB8C1687D9.jpeg','img/test/img/5A57081073F04684AB2A987E668406DC.jpeg'),(1342,334,'img/test/img/D5AA7FCEC05D48F7826FCE7208A7E4DD.jpeg','img/test/img/0898C41949E14CD992E299B86B63FA04.jpeg'),(1345,334,'img/test/size2/BFF45330FF2E477399091D0728E89EC4.jpg','img/test/size2/DE2802FB085B4C319E73ACB8E4A9861C.jpg'),(1347,334,'img/test/size2/36FA775894B6475AAD39CFA33616B886.jpg','img/test/size2/6287349F26CA4DA7B198DBF8488FCB05.jpg'),(1393,327,'img/test/size2/29787100C9854D6FAC6AAF7B01C36258.jpeg','img/test/size2/DCDE639D51B34FE48B0DAD89D6800580.jpeg'),(1403,342,'img/test/size2/84807774DE5242F88D891BF150FC1A4B.jpeg','img/test/size2/E9D4F085E5FF4B72B8BFA997630303EF.jpeg'),(1405,342,'img/test/size2/844D8FAC9C7341799D6F617734855BB8.jpeg','img/test/size2/BE5392D6A15C484D86F89D9547BB3D8C.jpeg'),(1407,342,'img/test/size2/8BC858491DC04233A36EB7619FB6DF86.jpeg','img/test/size2/D69BCDF7332B49E694DAF603D3358852.jpeg'),(1409,342,'img/test/size2/5611800B257B4C528EAE61052D60FFF5.jpeg','img/test/size2/9B37D88043F6459B8E5998D61C77859D.jpeg'),(1411,328,'img/test/size2/B758809AAE2A4C349F4F82E189CB6C8D.jpg','img/test/size2/1F73E69AECF54121BB211E4C9C0340D4.jpg'),(1413,328,'img/test/size2/BB13E366C64E4AB69A7C4564B90F2A8E.jpg','img/test/size2/3ABB455279BB466A99CEA37B468ED9A1.jpg'),(1415,329,'img/test/size2/82F2D6B5BF6D40BAAC48FA5582083D67.jpg','img/test/size2/A6426FBCCD5B41E6B99F789A4CADD231.jpg');

/*Table structure for table `tab_seller` */

DROP TABLE IF EXISTS `tab_seller`;

CREATE TABLE `tab_seller` (
  `sid` int(11) NOT NULL AUTO_INCREMENT,
  `username` varchar(200) NOT NULL,
  `password` varchar(20) NOT NULL,
  `name` varchar(20) NOT NULL,
  `email` varchar(40) NOT NULL,
  `consphone` varchar(20) DEFAULT NULL,
  `sex` char(1) DEFAULT '男',
  `birthday` date DEFAULT NULL,
  PRIMARY KEY (`sid`),
  UNIQUE KEY `AK_Key_2` (`username`)
) ENGINE=InnoDB AUTO_INCREMENT=15 DEFAULT CHARSET=utf8;

/*Data for the table `tab_seller` */

insert  into `tab_seller`(`sid`,`username`,`password`,`name`,`email`,`consphone`,`sex`,`birthday`) values (1,'admin','123123','开心','2219126581@qq.com','132110120314','男','2001-02-24');

/*Table structure for table `tab_user` */

DROP TABLE IF EXISTS `tab_user`;

CREATE TABLE `tab_user` (
  `uid` int(11) NOT NULL AUTO_INCREMENT,
  `username` varchar(30) NOT NULL,
  `password` varchar(32) NOT NULL,
  `name` varchar(20) DEFAULT NULL,
  `birthday` date DEFAULT NULL,
  `sex` char(1) DEFAULT NULL,
  `telephone` varchar(11) DEFAULT NULL,
  `email` varchar(30) DEFAULT NULL,
  `status` char(1) NOT NULL,
  `code` varchar(50) DEFAULT NULL,
  PRIMARY KEY (`uid`,`status`),
  UNIQUE KEY `AK_nq_username` (`username`),
  UNIQUE KEY `AK_nq_code` (`code`)
) ENGINE=InnoDB AUTO_INCREMENT=10 DEFAULT CHARSET=utf8;

/*Data for the table `tab_user` */

insert  into `tab_user`(`uid`,`username`,`password`,`name`,`birthday`,`sex`,`telephone`,`email`,`status`,`code`) values (1,'lisi','123123','哈哈哈','2020-12-24','男','13290537561','631153993@qq.com','Y','88cf830b88104d35b9df26a9f301a8e0');

/*!40101 SET SQL_MODE=@OLD_SQL_MODE */;
/*!40014 SET FOREIGN_KEY_CHECKS=@OLD_FOREIGN_KEY_CHECKS */;
